id,cohort_name,population,sample_size,geographic_region,environmental_exposures,biospecimens,health_outcomes,data_access,linked_publications,source_title,evidence_sentence,confidence,review_status,reviewer_notes
cohort-0001,ECHO Cohort,mother-child pairs,"2,836 mother-child pairs",not specified,PFAS; PFOA; PFOS,serum,neurodevelopment,not specified,PMID: 42595033,Prenatal PFAS Exposure and Early Childhood Sleep Quality in the ECHO Cohort,"The analytic sample included 2,836 mother-child pairs from 14 study sites in the Environmental influences on Child Health Outcomes (ECHO) Cohort.",medium,pending,
cohort-0002,ECHO Cohort,children/mothers,200,not specified,PFAS; PFOA; PFOS,serum,immune,not specified,PMID: 42564733,In Utero Per- and Polyfluoroalkyl Substances (PFAS) Exposure and Changes in Infant T Helper Cell Development among UPSIDE-ECHO Cohort Participants,"Maternal-infant dyads were recruited as part of the UPSIDE-ECHO cohort during the first trimester between 2015 and 2019 in Rochester, New York; dyads were followed through the infant's first birthday.",medium,pending,
cohort-0003,ECHO Cohort,mother-child pairs,"8,035 mother-child pairs",United States,PM2.5; nitrogen dioxide (NO2); ozone (O3),not specified,autism spectrum disorder; autism-related traits,not specified,PMID: 42428257,Prenatal Air Pollution Exposure and Autism Spectrum Disorder in the ECHO Consortium,"We analyzed data from 8,035 mother-child pairs from 44 United States cohorts in the Environmental influences on Child Health Outcomes (ECHO) Cohort.",medium,pending,
cohort-0004,NHANES,U.S. general population,"5,719 participants",not specified,PFAS; PFOA,serum,cardiovascular,not specified,PMID: 42255055,Environmental Exposure to Emerging Per- and Polyfluoroalkyl Substances and Cardiovascular Diseases: A Mixture Analysis,"We conducted a cross-sectional study of 5,719 participants from the National Health and Nutrition Examination Survey (NHANES) 2015-2020.",medium,pending,
cohort-0005,ECHO Cohort,mothers/children,not reported,United States,nitrogen dioxide (NO2); ozone (O3),not specified,not extracted,not specified,PMID: 42132953,"Prenatal Exposure to Nitrogen Dioxide, Fine Particulates, and Ozone in Relation to Child Behavior: The Environmental Influences on Child Health Outcomes Cohort",We analyzed data from 8370 mother-child dyads from 28 Environmental influences on Child Health Outcomes (ECHO) Cohort sites.,low,pending,
cohort-0006,ECHO Cohort,children/mothers,"1,213 participants",United States,PFAS,serum; plasma,diabetes,not specified,PMID: 41875060,Per- and Polyfluoroalkyl Substances During Pregnancy and Gestational Diabetes: The Environmental Influences on Child Health Outcomes (ECHO) Cohort,"The secondary outcome, among 1,213 participants, was fasting glucose.",medium,pending,
cohort-0007,NHANES,U.S. general population,not reported,not specified,PFAS; PFOA,serum,liver,not specified,PMID: 41819631,"Effects of gestational exposure to individual and mixed PFASs on maternal liver function: evidence from the Wuxi Birth Cohort, animal studies, and toxicogenomic analyses",Independent validation was performed using National Health and Nutrition Examination Survey (NHANES) data.,low,pending,
cohort-0008,NHANES,U.S. general population,not reported,not specified,PFAS; PFOA; PFOS,serum,cardiovascular,not specified,PMID: 41654648,Single versus mixed perfluorinated compound exposures and cardiovascular disease risk: mechanistic insights from cross-sectional data and molecular interactions,"Serum concentrations of PFNA, PFOA, and PFOS were analyzed using an integrated multi-model approach combining restricted cubic splines (RCS), weighted quantile sum regression (WQS), and Bayesian kernel machine regression (BKMR).",low,pending,
cohort-0009,ECHO Cohort,mothers/children,2 children,not specified,PM2.5,not specified,birth weight,not specified,PMID: 41632155,Air Pollution Exposure and Birth Weight in the ECHO Cohort,"CONCLUSIONS AND RELEVANCE: In this cohort study, higher PM2.5 exposure was associated with lower BWGA z score, with critical windows identified during early pregnancy to midpregnancy; however, findings varied by sex and region.",medium,pending,
cohort-0010,NHANES,U.S. general population,not reported,not specified,PFAS; PFOA; PFOS,not specified,cardiovascular,not specified,PMID: 41469667,Per- and polyfluoroalkyl substances (PFAS) exposure and cardiovascular risk: lipid profile as a mediator,Data from 25 531 NHANES participants (age ≥ 20 years old) enrolled between 2015 and 2020 were examined.,low,pending,
cohort-0011,ECHO Cohort,children/mothers,"2,343 women",not specified,PFAS; PFOA,not specified,mortality,not specified,PMID: 41453703,Association between gestational PFAS exposure biomarkers and risk of preeclampsia in the ECHO Cohort,"We investigated associations between 6 gestational PFAS exposure biomarkers and odds of preeclampsia among 2,343 women in the Environmental influences on Child Health Outcomes (ECHO) Cohort.",medium,pending,
cohort-0012,ECHO Cohort,children/mothers,"6,413 children",United States,particulate matter,not specified,asthma,not specified,PMID: 41450756,Individual and combined effects of indoor home exposures and ambient PM during early life on childhood asthma in us birth cohort studies.,"We included 6,413 children born 1987-2016 from nine United States prospective birth cohorts from the Environmental Influences on Child Health Outcomes consortium, with complete covariate and outcome data.",medium,pending,
cohort-0013,ECHO Cohort,children/mothers,not reported,United States,PM2.5; nitrogen dioxide (NO2); ozone (O3),blood,maternal blood pressure,not specified,PMID: 41448419,Pre- and postnatal exposure to PM and NO and blood pressure in children: Results from the ECHO Cohort. 2.5 2,children from 20 pregnancy cohorts of the NIH ECHO cohort.,low,pending,
cohort-0014,ECHO Cohort,children/mothers,not reported,not specified,particulate matter,not specified,preterm birth,not specified,PMID: 41443492,Gestational fine particulate matter exposure and perinatal outcomes in the ECHO cohort: Associations across pregnancy windows,"Participants included 19,108 mother-infant dyads from 51 sites of the Environmental influences on Child Health Outcomes (ECHO) cohort.",low,pending,
cohort-0015,ECHO Cohort,children/mothers,3043 women,United States,PFAS; PFOA; PFOS,not specified,immune,not specified,PMID: 41398310,Sociodemographic predictors of PFAS exposure among a combined sample of U.S. pregnant women: an Environmental influences on Child Health Outcomes (ECHO) public-use dataset analysis,"We combined maternal PFAS measurements from pregnant women from twelve pediatric cohorts drawn from the Environmental influences on Child Health Outcomes (ECHO) consortium's public-use dataset (n = 3,043).",medium,pending,
cohort-0016,ABCD,children/adolescents,6553,not specified,PM2.5; ozone (O3),not specified,neurodevelopment; cognition,not specified,PMID: 41352198,The cumulative impact of fine particulate matter exposure on hippocampal volume and working memory: Insights from prenatal and adolescent exposures from the ABCD study,"This study also includes prenatal and late childhood measures of PM and ozone (O3) as well as hippocampal volume (n = 6553), hippocampal function (n = 5556), and related cognition (n = 6418).",medium,pending,
cohort-0017,ECHO Cohort,children/mothers,5807,not specified,particulate matter; wildfire smoke,not specified,preterm birth,not specified,PMID: 41197644,Wildfire-specific fine particulate matter and preterm birth: a US ECHO Cohort analysis,"We investigated this association in the prospective nationwide US Environmental Influences on Child Health Outcomes (ECHO) Cohort, focusing on prenatal wildfire particulate matter exposure intensity, duration, and timing.",medium,pending,
cohort-0018,NHANES,U.S. general population,601 adults,not specified,cadmium; mercury; lead; PFOA; PFOS,serum; blood,cardiovascular; immune/inflammation; maternal blood pressure,not specified,PMID: 41154955,"Bayesian Network Modeling of Environmental, Social, and Behavioral Determinants of Cardiovascular Disease Risk",A cross-sectional analysis was conducted using NHANES 2017-2018 data.,medium,pending,
cohort-0019,ECHO Cohort,children/mothers,4403,not specified,PFAS; PFOA; PFOS,serum; plasma,not extracted,not specified,PMID: 41043503,Gestational PFAS concentrations in association with maternal depression and perceived stress during pregnancy and postpartum in the ECHO cohort,We analyzed concentrations of 7 PFAS in maternal plasma or serum in the Environmental influences on Child Health Outcomes (ECHO) cohort (n = 4403).,low,pending,
cohort-0020,ECHO Cohort,children/mothers,1503,United States,PFAS,serum; plasma,neurodevelopment,not specified,PMID: 41015090,Association between prenatal exposures to per- and polyfluoroalkyl substances and early language development in the ECHO cohort,This study drew on data from seven U.S.-based Environmental influences on Child Health Outcomes (ECHO) cohorts to investigate associations between prenatal PFAS exposures and language development in early childhood..,medium,pending,
cohort-0021,ECHO Cohort,children/mothers,163 women,not specified,air pollution,not specified,birth weight; birth weight/fetal growth,not specified,PMID: 40983273,Prenatal air pollution exposure and placental vasculature development among participants of the UPSIDE cohort study,"We studied pregnant women (N = 163) from the UPSIDE cohort study, part of the Environmental Influences on Child Health Outcomes (ECHO) Study.",medium,pending,
cohort-0022,ECHO Cohort,children/mothers,"1,723",not specified,PFAS; PFOA; PFOS,serum,neurodevelopment,not specified,PMID: 40914105,Prenatal exposure to per- and polyfluoroalkyl substances: Association with child behavior in the environmental influences on child health outcomes (ECHO) Cohort,We pooled data from nine study sites in the nationwide Environmental influences on Child Health Outcomes (ECHO) Cohort.,medium,pending,
cohort-0023,NHANES,U.S. general population,998 adults,not specified,PFAS; PFOA; PFOS,serum,cardiovascular,not specified,PMID: 40913410,Association Between Per- and Polyfluoroalkyl Substances (PFAS) Exposure and LDL Cholesterol in US Adults: Evidence From NHANES,"We analyzed 998 adults from the 2017 to 2020 National Health and Nutrition Examination Survey (NHANES), representing a weighted sample of 240 million US adults.",medium,pending,
cohort-0024,NHANES,U.S. general population,not reported,not specified,cadmium; mercury; lead; PFAS; PFOA; PFOS,blood,cardiovascular; immune/inflammation; maternal blood pressure,not specified,PMID: 40843450,Association of PFAS and Metals with Cardiovascular Disease Risk: Exploring the Mediating Effect of Diet,"Utilizing data from the National Health and Nutrition Examination Survey (NHANES) 2017-2018 cycle ( = 660), we assessed environmental exposures (lead, cadmium, mercury, perfluorooctanoic acid-PFOA, perfluorooctane sulfonate-PFOS), dietary inflammatory potential (DII), and cardiovascular markers (blood pressure, lipid profile, C-reactive protein).",low,pending,
cohort-0025,Nurses' Health Study,adults/women,"4,326 participants",not specified,PM2.5; nitrogen dioxide (NO2); ozone (O3),not specified,asthma,not specified,PMID: 40720872,"Long-Term Air Pollution Exposure, Plant-based Diet, and Asthma Exacerbations in the Nurses' Health Study II",Women with asthma in the Nurses' Health Study II were followed from 1997 to 2014.,medium,pending,
cohort-0026,NHANES,U.S. general population,"42,742 participants",not specified,PFAS; PFOA; PFOS,not specified,cardiovascular; mortality,not specified,PMID: 40620566,"Sex differences in ischemic heart disease and evidence gathering related to exposure risk, prevention, and treatment of per- and poly-fluoroalkyl substances","The National Health and Nutrition Examination Survey (NHANES) database was used to identify sex differences in response to environmental exposure to PFAS, including survival probability and dose-response.",medium,pending,
cohort-0027,NHANES,U.S. general population,1953 participants,not specified,PFAS; PFOS,serum,kidney; cardiovascular,not specified,PMID: 40609416,Assessing the effect of perfluoroalkyl and polyfluoroalkyl substances on cardiovascular-kidney-metabolic syndrome: Insights from an interpretable machine learning model,"This study utilized cross-sectional data from the National Health and Nutrition Examination Survey (NHANES), conducted from 2015 to 2020, involving a total of 1953 participants.",medium,pending,
cohort-0028,NHANES,U.S. general population,not reported,not specified,PFAS; PFOA; PFOS,serum; urine,reproductive,not specified,PMID: 40593380,An assessment of maternal concentrations of per- and polyfluoroalkyl substances (PFAS) and trace elements during the second trimester of pregnancy in western Pennsylvania,"MOMI non-smoking participants had higher concentrations of seven trace elements and lower concentrations of both PFAS compared with NHANES non-smoking participants, while MOMI smoking participants had higher concentrations of 12 trace elements and lower concentrations of both PFAS compared with NHANES smoking participants.",low,pending,
cohort-0029,NHANES,U.S. general population,not reported,not specified,PFAS,blood,cardiovascular; maternal blood pressure,not specified,PMID: 40559949,"Combined Effect of Metals, PFAS, Phthalates, and Plasticizers on Cardiovascular Disease Risk","The combined effects of these pollutants on cardiovascular markers were evaluated using Bayesian Kernel Machine Regression (BKMR), a flexible, non-parametric modeling approach that accommodates nonlinear and interactive relationships among exposures.",low,pending,
cohort-0030,ECHO Cohort,children/mothers,not reported,not specified,nitrogen dioxide (NO2); ozone (O3); particulate matter,not specified,asthma; respiratory,not specified,PMID: 40520482,Disparities in the association of ambient air pollution with childhood asthma incidence in the ECHO consortium: A US-wide multi-cohort study,"We included 34 sites comprising 23,234 children (born 1981-2021) from the Environmental influences on Child Health Outcomes (ECHO) Program with data on asthma diagnosis until age 10 (182,008 person-years).",low,pending,
cohort-0031,ECHO Cohort,children/mothers,200,not specified,PFAS; PFOA; PFOS,serum,immune,not specified,PMID: 40489731,In utero per - and polyfluoroalkyl substances (PFAS) exposure and changes in infant T helper cell development among UPSIDE-ECHO cohort participants,"Maternal-infant dyads were recruited as part of the UPSIDE-ECHO cohort during the first trimester between 2015 and 2019 in Rochester, New York; dyads were followed through the infant's first birthday.",medium,pending,
cohort-0032,ECHO Cohort,children/mothers,1906 participants,not specified,nitrogen dioxide (NO2); ozone (O3); particulate matter,cord blood; blood,asthma; respiratory; immune,not specified,PMID: 40438471,Prenatal ambient air pollution associations with DNA methylation in asthma- and allergy-relevant genes: findings from ECHO,A subset of 2294 biospecimens collected from 1906 child participants enrolled in the Environmental Influences on Child Health Outcomes program with prenatal air pollutant and high-quality Illumina Asthma&Allergy DNA methylation array measures ( = 37 197 probes) were included.,medium,pending,
cohort-0033,ECHO Cohort,mothers/children,not reported,not specified,PFAS; PFOA; PFOS,cord blood; serum; plasma; blood,not extracted,not specified,PMID: 40401168,Prenatal per- and polyfluoroalkyl substance exposures and DNA methylation among newborns in the Environmental influences on Child Health Outcomes program,We tested associations between prenatal PFAS and newborn DNAm in 1017 participants from 6 cohorts in the US Environmental influences on Child Health Outcomes consortium.,low,pending,
cohort-0034,ECHO Cohort,children/mothers,not reported,not specified,PFAS; PFOA; PFOS,serum; plasma,not extracted,not specified,PMID: 40311903,Prenatal PFAS exposure and outcomes related to maternal gut microbiome composition in later pregnancy,Our objective was to elucidate links between PFAS and maternal gut microbiome composition in two geographically diverse sites of the Environmental Influences on Child Health Outcomes program.,low,pending,
cohort-0035,ECHO Cohort,mothers/children,1188 participants,not specified,nitrogen dioxide (NO2); ozone (O3); particulate matter,not specified,asthma; respiratory,not specified,PMID: 40172886,Early-Life Ozone Exposure and Asthma and Wheeze in Children,"This cohort study consisted of a pooled, multisite analysis across 6 US cities using data from the prospective ECHO-PATHWAYS consortium (2007-2023).",medium,pending,
cohort-0036,Framingham,adults/families,2620 patients,not specified,PM2.5; nitrogen dioxide (NO2); noise,not specified,cardiovascular,not specified,PMID: 39968904,Residential exposome and the risk of coronary obstruction and myocardial ischaemia detected by coronary computed tomography,A subgroup analysis was performed according to Framingham low (<10%) and high (>20%) 10-year coronary heart disease risk categories.,medium,pending,
cohort-0037,Children's Health Study,children,1794 Participants,not specified,nitrogen dioxide (NO2); ozone (O3); particulate matter,not specified,asthma,not specified,PMID: 39865338,Gene-Air Pollution Interaction and Diversity of Genetic Sampling: The Southern California Children's Health Study,"Participants (n = 1794) were drawn from the Southern California Children's Health Study, a multi-wave prospective cohort followed from 4th to 12th grade.",medium,pending,
cohort-0038,ECHO Cohort,children/mothers,not reported,not specified,nitrogen dioxide (NO2),blood,not extracted,not specified,PMID: 39822755,"Gestational exposure to PM, NO2, and sex steroid hormones: Identifying critical windows of exposure in the Rochester UPSIDE Cohort. 2.5 2","In the Environmental influences on Child Health Outcomes Understanding Pregnancy Signals and Infant Development pregnancy cohort (Rochester, NY), sex steroid concentrations were collected at study visits in early-, mid-, and late-pregnancy in 299 participants.",low,pending,
cohort-0039,NHANES,U.S. general population,not reported,not specified,PFAS; PFOA; PFOS,serum,not extracted,not specified,PMID: 39756782,Assessment of modeled serum per- and polyfluoroalkyl substances concentrations from exposure estimates for pregnant women in the general population in comparison to previously measured serum concentrations,Historical dietary ingestion rate was reconstructed using serum PFAS concentrations of pregnant women from NHANES.,low,pending,
cohort-0040,Nurses' Health Study,adults/women,"107,906 Nurses",not specified,PM2.5; lead,not specified,cardiovascular; mortality; respiratory; cancer,not specified,PMID: 39717279,Fine particulate matter and nonaccidental and cause-specific mortality: Do associations vary by exposure assessment method?,"We followed 107,906 participants of the Nurses' Health Study cohort from 2001 to 2016.",medium,pending,
cohort-0041,Nurses' Health Study,adults/women,not reported,not specified,PFAS; PFOA; PFOS,plasma; blood,cardiovascular,not specified,PMID: 39627728,"Per- and polyfluoroalkyl substances, apolipoproteins and the risk of coronary heart disease in US men and women",A case-control study of CHD was conducted in the Health Professionals Follow-Up Study (HPFS) and Nurses' Health Study (NHS).,low,pending,
cohort-0042,NHANES,U.S. general population,"14,607 participants",not specified,PFAS; PFOA; PFOS,not specified,kidney; cardiovascular,not specified,PMID: 39608156,Kidney function mediates the effects of four per-and polyfluoroalkyl substances (PFAS) on atherosclerotic cardiovascular disease,"This study utilizes data from 14,607 participants in the NHANES 2005-2018 to conduct a cross-sectional study.",medium,pending,
cohort-0043,ECHO Cohort,children/mothers,200,not specified,PFAS; PFOA; PFOS,serum,immune,not specified,PMID: 39606350,In utero exposure to per - and polyfluoroalkyl substances (PFAS) associates with altered human infant T helper cell development,"Maternal-infant dyads were recruited as part of the UPSIDE-ECHO cohort during the first trimester between 2015 and 2019 in Rochester, New York; dyads were followed through the infant's first birthday.",medium,pending,
cohort-0044,ECHO Cohort,children/mothers,675 children,not specified,PM2.5,not specified,not extracted,not specified,PMID: 39492664,Prenatal exposure to ambient fine particulate matter and child lung function in the CANDLE cohort,"We investigated these associations in the ECHO-PATHWAYS Consortium, focusing on the role of exposure timing during different phases of fetal lung development.",low,pending,
cohort-0045,NHANES,U.S. general population,not reported,United States,PFAS; PFOA; PFOS,serum,cardiovascular,not specified,PMID: 39267634,Exposure to per- and polyfluoroalkyl substances is associated with impaired cardiovascular health: a cross-sectional study,adults reported in the National Health and Nutrition Examination Survey (NHANES) study (2005-2018).,low,pending,
cohort-0046,ECHO Cohort,children/mothers,not reported,not specified,PM2.5,not specified,birth weight; preterm birth,not specified,PMID: 39242189,Redlining in New York City: impacts on particulate matter exposure during pregnancy and birth outcomes,This longitudinal cohort study analysed data from the National Institute of Health Environmental Influences on Child Health Outcomes Programme to investigate the extent to which maternal residence in a historically redlined neighbourhood is associated with fine particulate matter (PM2.5) exposure during pregnancy using multivariable regression models.,low,pending,
cohort-0047,NHANES,U.S. general population,not reported,United States,PFAS,serum,reproductive,not specified,PMID: 39195715,Perfluoroalkyl and Polyfluoroalkyl Substances in Relation to the Participant-Reported Total Pregnancy and Live Birth Numbers among Reproductive-Aged Women in the United States,"To address this gap, we conducted a cross-sectional study using the data from the United States National Health and Nutrition Examination Survey (NHANES) collected between 2013 and 2018.",low,pending,
cohort-0048,ECHO Cohort,children/mothers,not reported,United States,PFAS,not specified,not extracted,not specified,PMID: 38985433,Advancing Understanding of Chemical Exposures and Maternal-child Health Through the U.S. Environmental Influences on Child Health Outcomes (ECHO) Program: A Scoping Review,"With harmonized data from over 60,000 participants representing 69 pregnancy cohorts, the National Institutes of Health's Environmental influences on Child Health Outcomes (ECHO) Program is the largest study of U.S.",low,pending,
cohort-0049,ECHO Cohort,children/mothers,not reported,not specified,PFAS; PFOA; PFOS,serum; plasma,pregnancy outcomes; immune/inflammation,not specified,PMID: 38691655,Cross-Sectional Associations between Prenatal Per- and Poly-Fluoroalkyl Substances and Bioactive Lipids in Three Environmental Influences on Child Health Outcomes (ECHO) Cohorts,"We estimated associations between prenatal PFAS exposure and bioactive lipids, measuring 12 serum PFAS and 50 plasma bioactive lipids in 414 pregnant women (median 17.4 weeks' gestation) from three Environmental influences on Child Health Outcomes Program cohorts.",low,pending,
cohort-0050,Nurses' Health Study,adults/women,"101,870 Nurses",not specified,PM2.5,not specified,cardiovascular,not specified,PMID: 38521279,Associations of fine particulate matter with incident cardiovascular disease; comparing models using ZIP code-level and individual-level fine particulate matter and confounders,"We followed 101,870 participants from the US-based Nurses' Health Study (2000-2016) and linked residential-level PM and individual-level confounders, and ZIP code-level PM and confounders.",medium,pending,
cohort-0051,ECHO Cohort,children/mothers,not reported,not specified,PM2.5; nitrogen dioxide (NO2); ozone (O3),not specified,asthma; respiratory,not specified,PMID: 38460460,Associations of prenatal ambient air pollution exposures with asthma in middle childhood,"We estimated adjusted relative risks (RR) for current asthma at age 8-9 and asthma with recent exacerbation or atopic disease, and odds ratios (OR) for wheezing trajectories using modified Poisson and multinomial logistic regression, respectively.",low,pending,
cohort-0052,ECHO Cohort,mothers/children,5279 children,not specified,PM2.5; nitrogen dioxide (NO2),not specified,asthma; respiratory,not specified,PMID: 38416497,Early-Life Exposure to Air Pollution and Childhood Asthma Cumulative Incidence in the ECHO CREW Consortium,"Among 5279 children included, 1659 (31.4%) were Black, 835 (15.8%) were Hispanic, 2555 (48.4%) where White, and 229 (4.3%) were other race or ethnicity; 2721 (51.5%) were male and 2596 (49.2%) were female; 1305 children (24.7%) had asthma by 11 years of age and 954 (18.1%) had asthma by 4 years of age.",medium,pending,
cohort-0053,NHANES,U.S. general population,not reported,not specified,PFAS,not specified,asthma,not specified,PMID: 38411670,Environmental exposure to per- and polyfluoroalkyl substances mixture and asthma in adolescents,"Using data from the 2013-2018 National Health and Nutrition Examination Survey (NHANES), 886 adolescents aged 12-19 years were included in this study.",low,pending,
cohort-0054,NHANES,U.S. general population,207,United States,PFAS,serum; blood,maternal blood pressure,not specified,PMID: 38224844,"The U.S. PFAS exposure burden calculator for 2017-2018: Application to the HOME Study, with comparison of epidemiological findings from NHANES","We applied the PFAS burden calculator to 8 PFAS analytes measured in the serum of adolescents from the HOME Study (Cincinnati, Ohio; age range 11-14 years; years: 2016-2019; n = 207) and NHANES (US; age range 12-14 years; years 2015-2018; n = 245).",medium,pending,
cohort-0055,NHANES,U.S. general population,not reported,not specified,cadmium; mercury; lead; PFAS; PFOA; PFOS,blood,cardiovascular; maternal blood pressure,not specified,PMID: 38133380,Association of Combined Metals and PFAS with Cardiovascular Disease Risk,"Utilizing data from the National Health and Nutrition Examination Survey (NHANES) spanning from 2007 to 2014, this investigation explored the effects of PFASs and metals on CVD risk.",low,pending,
cohort-0056,Framingham,adults/families,not reported,not specified,cadmium; mercury; lead; PFAS; PFOA; PFOS,blood,cardiovascular; maternal blood pressure,not specified,PMID: 38133380,Association of Combined Metals and PFAS with Cardiovascular Disease Risk,"Additionally, comprehensive CVD risk indices were evaluated, namely the Overall Cardiovascular Biomarkers Index (OCBI), including the Framingham Risk Score and an Overall Cardiovascular Index.",low,pending,
cohort-0057,ECHO Cohort,children/mothers,73,not specified,PFAS; PFOA; PFOS,serum; plasma,preterm birth; pregnancy outcomes; immune/inflammation,not specified,PMID: 37961525,Cross-sectional associations between prenatal maternal per- and poly-fluoroalkyl substances and bioactive lipids in three Environmental influences on Child Health Outcomes (ECHO) cohorts,"Our study included pregnant women in the Environmental influences on Child Health Outcomes Program: Chemicals in our Bodies cohort (CiOB, n=73), Illinois Kids Developmental Study (IKIDS, n=287), and the ECHO-PROTECT cohort (n=54).",medium,pending,
cohort-0058,NHANES,U.S. general population,1064,not specified,PFAS; PFOA; PFOS,serum,not extracted,not specified,PMID: 37369902,Factors affecting serum PFAS concentrations among US females with surgically and naturally induced menopause: data from NHANES 2003-2018,"Data from National Health and Nutrition Examination Survey (NHANES) for 2003-2018 for US females aged ≥ 20 years who reported having hysterectomy (HYST, N=1064) and who reported being in natural menopause (MENOP, N=1505) were analyzed for associations of ever use of birth control pills, past pregnancies, live births, and other factors with serum concentrations of six per- and polyfluoroalkyl substances (PFAS).",low,pending,
cohort-0059,ECHO Cohort,children/mothers,not reported,not specified,PFAS,not specified,obesity,not specified,PMID: 37283528,Associations of Gestational Perfluoroalkyl Substances Exposure with Early Childhood BMI -Scores and Risk of Overweight/Obesity: Results from the ECHO Cohorts. z,z..,low,pending,
cohort-0060,NHANES,U.S. general population,1101 participants,not specified,PFAS,serum,asthma; immune,not specified,PMID: 37274185,Associations between serum per- and polyfluoroalkyl substances and asthma morbidity in the National Health and Nutrition Examination Survey (2003-18),"We performed secondary analysis of data from the National Health and Nutrition Examination Survey (NHANES, 2003-18).",medium,pending,
cohort-0061,ECHO Cohort,children/mothers,224 children,not specified,PM2.5; nitrogen dioxide (NO2); ozone (O3),not specified,asthma,not specified,PMID: 37042935,Role of Air Pollution in the Development of Asthma Among Children with a History of Bronchiolitis in Infancy,"Children with caregiver-reported physician-diagnosed bronchiolitis were drawn from ECHO-PATHWAYS, a pooled longitudinal cohort from six US cities.",medium,pending,
cohort-0062,NHANES,U.S. general population,not reported,not specified,cadmium; mercury; lead; PFAS; PFOA; PFOS,not specified,cardiovascular,not specified,PMID: 36975601,The Association of Combined Per- and Polyfluoroalkyl Substances and Metals with Allostatic Load Using Bayesian Kernel Machine Regression,: Data from the National Health and Nutrition Examination Survey (NHANES) from 2007 to 2014 were used to conduct this study on persons aged 20 years and older.,low,pending,
cohort-0063,ECHO Cohort,children/mothers,"3,339 participants",not specified,PFAS; PFOA; PFOS,not specified,not extracted,not specified,PMID: 36920051,Birth Outcomes in Relation to Prenatal Exposure to Per- and Polyfluoroalkyl Substances and Stress in the Environmental Influences on Child Health Outcomes (ECHO) Program,"We included 3,339 participants from 11 prospective prenatal cohorts in the Environmental influences on the Child Health Outcomes (ECHO) program to estimate the associations of five PFAS and birth outcomes.",low,pending,
cohort-0064,NHANES,U.S. general population,not reported,not specified,PFAS; PFOA; PFOS,serum,asthma; immune,not specified,PMID: 36840869,Perfluoroalkyl substance exposure is associated with asthma and innate immune cell count in US adolescents stratified by sex,"This study explored the relationship between PFAS exposure and risks of asthma, wheezing, and immunosuppression in 12-19 year-olds using the National Health and Nutrition Examination Survey (NHANES) data.",low,pending,
cohort-0065,ECHO Cohort,children/mothers,"1,429",not specified,PFAS,blood,autism-related traits; neurodevelopment,not specified,PMID: 36630444,Prenatal Exposure to Per- and Polyfluoroalkyl Substances and Childhood Autism-related Outcomes,"We included 10 cohorts from the National Institutes of Health (NIH)-funded Environmental influences on Child Health Outcomes (ECHO) program (n = 1,429).",medium,pending,
cohort-0066,ECHO Cohort,children/mothers,not reported,United States,particulate matter,not specified,cognition,not specified,PMID: 36030921,Prenatal exposure to PM and childhood cognition: Accounting for between-site heterogeneity in a pooled analysis of ECHO cohorts in the Northeastern United States.,Analyses included 348 mother-child dyads enrolled in the dual site (New York City and Boston) PRogramming of Intergenerational Stress Mechanisms (PRISM) cohort and in the First Thousand Days of Life (FTDL) study (Northern Virginia) participating in the Environmental influences on Child Health Outcomes (ECHO) national consortium.,low,pending,
cohort-0067,NHANES,U.S. general population,not reported,not specified,PFAS; PFOS,cord blood; serum; blood,not extracted,not specified,PMID: 35886252,Predicting Exposure to Perfluorinated Alkyl Substances (PFAS) among US Infants,"In this paper, we will provide a statistical and probabilistic analysis of what can be expected for infants living in the US using NHANES from 2007 to 2008, which contains a rare subset of infant data.",low,pending,
cohort-0068,ECHO Cohort,mothers/children,not reported,United States,PM2.5; nitrogen dioxide (NO2),not specified,cognition,not specified,PMID: 35737514,Associations of Pre- and Postnatal Air Pollution Exposures with Child Behavioral Problems and Cognitive Performance: A U.S. Multi-Cohort Study,pregnancy cohorts in six cities in the ECHO-PATHWAYS Consortium..,low,pending,
cohort-0069,ECHO Cohort,children/mothers,776,not specified,PM2.5,not specified,not extracted,not specified,PMID: 35653832,Prenatal exposure to particulate matter and placental gene expression,"Participants with placenta samples, collected at birth, and childhood health outcomes from CANDLE (Memphis, TN) (n = 776) and GAPPS (Seattle, WA) (n = 205) cohorts of the ECHO-PATHWAYS Consortium were included in this study.",low,pending,
cohort-0070,ECHO Cohort,children/mothers,2099,United States,PM2.5,not specified,preterm birth,not specified,PMID: 35640705,Association of prenatal exposure to ambient air pollution with adverse birth outcomes and effect modification by socioeconomic factors,This study used two pregnancy cohorts (CANDLE and TIDES; N = 2099) in the ECHO PATHWAYS Consortium.,medium,pending,
cohort-0071,NHANES,U.S. general population,not reported,not specified,PFOA; PFOS,serum,cardiovascular,not specified,PMID: 35564852,The Association between Multiple Per- and Polyfluoroalkyl Substances' Serum Levels and Allostatic Load,"This study was performed on adults aged 20 and older, using the National Health and Nutrition Examination Survey (NHANES) 2007−2014 data.",low,pending,
cohort-0072,ECHO Cohort,children/mothers,876,not specified,PFAS,serum,birth weight/fetal growth; major adverse kidney events,not specified,PMID: 35436721,Prenatal PFAS and psychosocial stress exposures in relation to fetal growth in two pregnancy cohorts: Applying environmental mixture methods to chemical and non-chemical stressors,"Pregnant participants were enrolled in the Chemicals in Our Bodies cohort and Illinois Kids Development Study, which together make up the ECHO.CA.IL cohort.",medium,pending,
cohort-0073,ECHO Cohort,children/mothers,50 patients,not specified,particulate matter; lead,not specified,cardiovascular; hypertension,not specified,PMID: 35302115,The impact of chronic exposure to air pollution on electrocardiographic parameters,"After considering the exclusion criteria, 100 consecutive patients of the cardiology outpatient clinic were enrolled in the study, including 50 patients living for ≥10 years in Warsaw districts with the lowest average concentrations of PM (group I) and 50 living in the districts with the highest recorded exposure (group II).",medium,pending,
cohort-0074,NHANES,U.S. general population,not reported,not specified,PFAS,serum; blood,immune/inflammation,not specified,PMID: 35288850,The relationship between multiple perfluoroalkyl substances and cardiorespiratory fitness in male adolescents,We used cross-sectional data from 491 teenagers (aged 13-19 years) from the 2003-2004 National Health and Nutrition Examination Survey (NHANES) and examined the association between mixed PFAS exposure and CRF via weighted quantile sum (WQS) regression.,low,pending,
cohort-0075,Framingham,adults/families,2428 participants,United States,PM2.5; ozone (O3),not specified,cardiovascular,not specified,PMID: 33870015,Ambient air pollution exposure and radiographic pulmonary vascular volumes,"Among 2428 Framingham Heart Study participants who underwent chest computed tomography (CT) between 2008 and 2011, pulmonary vascular volumes were calculated by image analysis, including the total vascular volume and small vessel volume (cross-sectional area <5 mm; BV5 defined as small vessel volume).",medium,pending,
cohort-0076,Children's Health Study,children,70 participants,not specified,nitrogen dioxide (NO2); ozone (O3); particulate matter,not specified,cardiovascular,not specified,PMID: 33853624,Childhood traffic-related air pollution and adverse changes in subclinical atherosclerosis measures from childhood to adulthood,"In a pilot study of 70 participants from the Southern California Children's Health Study, we investigated CIMT progression from childhood to adulthood.",medium,pending,
cohort-0077,MESA,adults,"1,207",not specified,PM2.5,not specified,cardiovascular,not specified,PMID: 33818294,Epigenome-wide analysis of long-term air pollution exposure and DNA methylation in monocytes: results from the Multi-Ethnic Study of Atherosclerosis,We conducted an epigenome-wide study of DNA methylation in CD14+ monocytes and long-term ambient air pollution exposure in adults participating in the Multi-Ethnic Study of Atherosclerosis (MESA).,medium,pending,
cohort-0078,Multi-Ethnic Study of Atherosclerosis,adults,"1,207",not specified,PM2.5,not specified,cardiovascular,not specified,PMID: 33818294,Epigenome-wide analysis of long-term air pollution exposure and DNA methylation in monocytes: results from the Multi-Ethnic Study of Atherosclerosis,We conducted an epigenome-wide study of DNA methylation in CD14+ monocytes and long-term ambient air pollution exposure in adults participating in the Multi-Ethnic Study of Atherosclerosis (MESA).,medium,pending,
cohort-0079,MESA,adults,not reported,not specified,PM2.5; nitrogen dioxide (NO2); ozone (O3),plasma; blood,cardiovascular,not specified,PMID: 33765506,Short-term exposure to air pollution and biomarkers of cardiovascular effect: A repeated measures study,"Daily PM, NO2, O and SO zero to seven days prior to blood draw were estimated from central monitors in six MESA regions, pre-adjusted using site-specific splines of meteorology and temporal trends, and an indicator for day of the week.",low,pending,
cohort-0080,Multi-Ethnic Study of Atherosclerosis,adults,not reported,not specified,PM2.5; nitrogen dioxide (NO2); ozone (O3),plasma; blood,cardiovascular,not specified,PMID: 33765506,Short-term exposure to air pollution and biomarkers of cardiovascular effect: A repeated measures study,"The results showed that higher short-term concentrations of PM, but not other pollutants, were associated with increased sLOX-1 analyzed both as a continuous outcome (percent change per interquartile increase: 16.36%, 95%CI: 0.1-35.26%) and dichotomized at the median (odds ratio per interquartile increase: 1.21, 95%CI: 1.01-1.44).",low,pending,
cohort-0081,ECHO Cohort,mothers/children,1469 Children,not specified,PM2.5,not specified,asthma,not specified,PMID: 33709049,Maternal exposure to PM during pregnancy and asthma risk in early childhood: consideration of phases of fetal lung development.,This study included mother-child dyads from two pregnancy cohorts-CANDLE and TIDES-within the ECHO-PATHWAYS consortium (births in 2007-2013).,medium,pending,
cohort-0082,ECHO Cohort,children/mothers,not reported,not specified,PFAS; PFOS,serum,neurodevelopment; birth weight; preterm birth; cognition,not specified,PMID: 33467168,"Associations of Maternal Stress, Prenatal Exposure to Per- and Polyfluoroalkyl Substances (PFAS), and Demographic Risk Factors with Birth Outcomes and Offspring Neurodevelopment: An Overview of the ECHO.CA.IL Prospective Birth Cohorts","ECHO.CA.IL is composed of two cohorts, Chemicals in Our Bodies (CIOB; = 822 pregnant women and = 286 infants) and Illinois Kids Development Study (IKIDS; = 565 mother-infant pairs), which recruit pregnant women from San Francisco, CA and Urbana-Champaign, IL, respectively.",low,pending,
cohort-0083,Nurses' Health Study,adults/women,"104,990 participants",United States,PM2.5,not specified,cardiovascular; mortality,not specified,PMID: 33356515,"Interaction between Long-Term Exposure to Fine Particulate Matter and Physical Activity, and Risk of Cardiovascular Disease and Overall Mortality in U.S. Women","We followed 104,990 female participants of the U.S.-based prospective Nurses' Health Study from 1988 to 2008.",medium,pending,
cohort-0084,NHANES,U.S. general population,not reported,not specified,PFAS; PFOA; PFOS,serum,not extracted,not specified,PMID: 33186575,"Serum per- and polyfluoroalkyl substance (PFAS) concentrations and predictors of exposure among pregnant African American women in the Atlanta area, Georgia","When compared to National Health and Nutrition Examination Survey (NHANES) participants matching sex, race, and age with this study, our results showed similar concentrations of most PFAS, but higher concentrations of PFHxS (GM 0.99 ng/mL in this study; 0.63 and 0.4 ng/mL in NHANES, 2014-2015 and 2016-2017 cycles).",low,pending,
cohort-0085,ECHO Cohort,children/mothers,not reported,not specified,air pollution,not specified,autism spectrum disorder; mortality; cognition,not specified,PMID: 33098817,Prenatal air pollution exposure and neurodevelopment: A review and blueprint for a harmonized approach within ECHO,"As >90% of the ECHO cohorts have collected a prenatal or infancy address, application of advanced geographic information systems-based models for common air pollutant exposures may be ideal to address limitations of published research..",low,pending,
cohort-0086,NHANES,U.S. general population,607,not specified,PFAS; PFOA; PFOS,serum,asthma; respiratory; immune,not specified,PMID: 32485600,PFAS (per- and polyfluoroalkyl substances) and asthma in young children: NHANES 2013-2014,"Controlling for covariates, we estimated odds ratios for asthma per standard deviation increase in ln-transformed serum PFAS concentrations (n = 607).",medium,pending,
cohort-0087,Nurses' Health Study,adults/women,3585 women,not specified,PM2.5; PM10,not specified,pregnancy outcomes,not specified,PMID: 31385588,Air pollution exposure and risk of spontaneous abortion in the Nurses' Health Study II,"STUDY DESIGN, SIZE, DURATION: Our prospective cohort study included 19 309 women in the Nurses' Health Study II who contributed a total of 35 025 pregnancies between 1990 and 2008.",medium,pending,
cohort-0088,Children's Health Study,children,4140 children,not specified,PM2.5; PM10; nitrogen dioxide (NO2); ozone (O3),not specified,asthma,not specified,PMID: 31112259,"Association of Changes in Air Quality With Incident Asthma in Children in California, 1993-2014",A multilevel longitudinal cohort drawn from 3 waves of the Southern California Children's Health Study over a period of air pollution decline.,medium,pending,
cohort-0089,MESA,adults,not reported,not specified,black carbon; particulate matter,urine,cardiovascular,not specified,PMID: 31095432,The Association between Long-Term Air Pollution and Urinary Catecholamines: Evidence from the Multi-Ethnic Study of Atherosclerosis,"We used data from the Multi-Ethnic Study of Atherosclerosis (MESA) and two of its ancillary studies, the MESA Air Pollution Study and the MESA Stress Study, to provide exposure and outcome data.",low,pending,
cohort-0090,Multi-Ethnic Study of Atherosclerosis,adults,not reported,not specified,black carbon; particulate matter,urine,cardiovascular,not specified,PMID: 31095432,The Association between Long-Term Air Pollution and Urinary Catecholamines: Evidence from the Multi-Ethnic Study of Atherosclerosis,"We used data from the Multi-Ethnic Study of Atherosclerosis (MESA) and two of its ancillary studies, the MESA Air Pollution Study and the MESA Stress Study, to provide exposure and outcome data.",low,pending,
cohort-0091,Multi-Ethnic Study of Atherosclerosis,adults,not reported,not specified,PM2.5,not specified,cardiovascular,not specified,PMID: 30854505,Pollutant composition modification of the effect of air pollution on progression of coronary artery calcium: the Multi-Ethnic Study of Atherosclerosis,We predicted cluster membership for 1005 participants in the Multi-Ethnic Study of Atherosclerosis and Air Pollution with follow-up between 2000 and 2012.,low,pending,
cohort-0092,Framingham,adults/families,3820 participants,not specified,PM2.5; black carbon; ozone (O3),not specified,cardiovascular; immune/inflammation,not specified,PMID: 30654247,Short-term exposure to ambient air pollution and circulating biomarkers of endothelial cell activation: The Framingham Heart Study,"We included 3820 non-current smoking participants (mean age 56 years, 54% women) from the Framingham Offspring cohort examinations 7 (1998-2001) and 8 (2005-2008), and Third Generation cohort examination 1 (2002-2005), who lived within 50 km of a central monitoring station.",medium,pending,
cohort-0093,Children's Health Study,children,2050 Children,not specified,PM2.5; PM10; nitrogen dioxide (NO2); ozone (O3),blood,birth weight/fetal growth; thyroid,not specified,PMID: 30646156,Association of Prenatal Exposure to Ambient and Traffic-Related Air Pollution With Newborn Thyroid Function: Findings From the Children's Health Study,This cohort study used data from 2050 participants in the Children's Health Study.,medium,pending,
cohort-0094,Framingham,adults/families,3996 participants,United States,PM2.5; black carbon,not specified,immune/inflammation; diabetes,not specified,PMID: 30376999,Recent exposure to particle radioactivity and biomarkers of oxidative stress and inflammation: The Framingham Heart Study,We included 3996 participants who were not current smokers and lived within 50 km from our central air pollution monitoring station.,medium,pending,
cohort-0095,Framingham,adults/families,5842 participants,not specified,black carbon; ozone (O3),not specified,maternal blood pressure,not specified,PMID: 30205320,Long- and short-term air pollution exposure and measures of arterial stiffness in the Framingham Heart Study,"We examined 5842 participants (mean age 51 ± 16, 54% women).",medium,pending,
cohort-0096,MESA,adults,not reported,not specified,PM2.5; ozone (O3); heat/temperature,blood,cardiovascular; maternal blood pressure,not specified,PMID: 30113342,Vulnerability to the Cardiovascular Effects of Ambient Heat in Six US Cities: Results from the Multi-Ethnic Study of Atherosclerosis (MESA),Health and behavioral characteristics were obtained repeatedly on participants of the Multi-Ethnic Study of Atherosclerosis in six US sites (2000-2010).,low,pending,
cohort-0097,Multi-Ethnic Study of Atherosclerosis,adults,not reported,not specified,PM2.5; ozone (O3); heat/temperature,blood,cardiovascular; maternal blood pressure,not specified,PMID: 30113342,Vulnerability to the Cardiovascular Effects of Ambient Heat in Six US Cities: Results from the Multi-Ethnic Study of Atherosclerosis (MESA),Health and behavioral characteristics were obtained repeatedly on participants of the Multi-Ethnic Study of Atherosclerosis in six US sites (2000-2010).,low,pending,
cohort-0098,MESA,adults,6253 participants,not specified,particulate matter,not specified,cardiovascular,not specified,PMID: 29268751,Exposure to ambient air pollution and calcification of the mitral annulus and aortic valve: the multi-ethnic study of atherosclerosis (MESA),We studied 6253 MESA participants aged 45-84 years who underwent two cardiac CT scans 2.5 years apart to quantify aortic valve calcium (AVC) and mitral annular calcium (MAC).,medium,pending,
cohort-0099,Multi-Ethnic Study of Atherosclerosis,adults,6253 participants,not specified,particulate matter,not specified,cardiovascular,not specified,PMID: 29268751,Exposure to ambient air pollution and calcification of the mitral annulus and aortic valve: the multi-ethnic study of atherosclerosis (MESA),We studied 6253 MESA participants aged 45-84 years who underwent two cardiac CT scans 2.5 years apart to quantify aortic valve calcium (AVC) and mitral annular calcium (MAC).,medium,pending,
cohort-0100,NHANES,U.S. general population,7134 participants,United States,PM2.5; ozone (O3); heat/temperature,not specified,cardiovascular,not specified,PMID: 29223110,Systemic inflammatory markers associated with cardiovascular disease and acute and chronic exposure to fine particulate matter air pollution (PM) among US NHANES adults with metabolic syndrome.,A cross sectional analysis of adult National Health and Nutrition Examination Survey (NHANES) participants (2000-2008) was carried out with linkage of CDC WONDER meteorological data and downscaler modeled USEPA air pollution data for census tracts in the continental United States.,medium,pending,
cohort-0101,Children's Health Study,children,940 children,not specified,PM2.5,not specified,asthma; immune/inflammation,not specified,PMID: 28821285,Genetic and epigenetic susceptibility of airway inflammation to PM in school children: new insights from quantile regression.,The study included 940 school children in the southern California Children's Health Study who provided concurrent buccal samples and FeNO measurements.,medium,pending,
cohort-0102,Multi-Ethnic Study of Atherosclerosis,adults,not reported,not specified,particulate matter; lead,not specified,cardiovascular; respiratory,not specified,PMID: 28760719,Ambient Coarse Particulate Matter and the Right Ventricle: The Multi-Ethnic Study of Atherosclerosis,"We used baseline cardiac magnetic resonance images from 1,490 participants (45-84 y old) from the Multi-Ethnic Study of Atherosclerosis and assigned 5-y residential concentrations of PM mass, copper, zinc, phosphorus, silicon, and endotoxin, using land-use regression models.",low,pending,
cohort-0103,Framingham,adults/families,3996 participants,not specified,black carbon; ozone (O3); particulate matter,not specified,immune/inflammation,not specified,PMID: 28751572,Short-Term Exposure to Ambient Air Pollution and Biomarkers of Systemic Inflammation: The Framingham Heart Study,"We included 3996 noncurrent smoking participants (mean age, 53.6 years; 54% women) who lived within 50 km from a central air pollution monitoring site in Boston, MA, and calculated the 1- to 7-day moving averages of fine particulate matter (diameter<2.5 µm), black carbon, sulfate, nitrogen oxides, and ozone before the examination visits.",medium,pending,
cohort-0104,Framingham,adults/families,3506 participants,not specified,PM2.5,not specified,cardiovascular,not specified,PMID: 28302634,"Residential proximity to major roads, exposure to fine particulate matter and aortic calcium: the Framingham Heart Study, a cohort study",Framingham Offspring and Third Generation participants residing in the Northeastern USA.,medium,pending,
cohort-0105,MESA,adults,"1,207",not specified,PM2.5,not specified,cardiovascular,not specified,PMID: 27903268,Long-term outdoor air pollution and DNA methylation in circulating monocytes: results from the Multi-Ethnic Study of Atherosclerosis (MESA),"One-year average ambient fine particulate matter (PM2.5) and oxides of nitrogen (NO) concentrations were predicted at participants' (n = 1,207) addresses using spatiotemporal models.",medium,pending,
cohort-0106,Multi-Ethnic Study of Atherosclerosis,adults,"1,207",not specified,PM2.5,not specified,cardiovascular,not specified,PMID: 27903268,Long-term outdoor air pollution and DNA methylation in circulating monocytes: results from the Multi-Ethnic Study of Atherosclerosis (MESA),"One-year average ambient fine particulate matter (PM2.5) and oxides of nitrogen (NO) concentrations were predicted at participants' (n = 1,207) addresses using spatiotemporal models.",medium,pending,
cohort-0107,Framingham,adults/families,3399 participants,not specified,particulate matter,not specified,cardiovascular,not specified,PMID: 27312220,"Residential Proximity to Major Roads, Exposure to Fine Particulate Matter, and Coronary Artery Calcium: The Framingham Heart Study",We measured CAC ≤2 times from 2002 to 2005 and 2008 to 2011 among Framingham Offspring or Third-Generation Cohort participants.,medium,pending,
cohort-0108,Nurses' Health Study,adults/women,not reported,not specified,particulate matter,not specified,asthma,not specified,PMID: 27288040,Particulate matter exposures and adult-onset asthma and COPD in the Nurses' Health Study,Particulate matter exposures and adult-onset asthma and COPD in the Nurses' Health Study,low,pending,
cohort-0109,MESA,adults,not reported,not specified,PM2.5; black carbon,not specified,cardiovascular,not specified,PMID: 27233746,Association between air pollution and coronary artery calcification within six metropolitan areas in the USA (the Multi-Ethnic Study of Atherosclerosis and Air Pollution): a longitudinal cohort study,"In this prospective 10-year cohort study, we repeatedly measured coronary artery calcium by CT in 6795 participants aged 45-84 years enrolled in the Multi-Ethnic Study of Atherosclerosis and Air Pollution (MESA Air) in six metropolitan areas in the USA.",low,pending,
cohort-0110,Multi-Ethnic Study of Atherosclerosis,adults,not reported,not specified,PM2.5; black carbon,not specified,cardiovascular,not specified,PMID: 27233746,Association between air pollution and coronary artery calcification within six metropolitan areas in the USA (the Multi-Ethnic Study of Atherosclerosis and Air Pollution): a longitudinal cohort study,"In this prospective 10-year cohort study, we repeatedly measured coronary artery calcium by CT in 6795 participants aged 45-84 years enrolled in the Multi-Ethnic Study of Atherosclerosis and Air Pollution (MESA Air) in six metropolitan areas in the USA.",low,pending,
cohort-0111,ECHO Cohort,children/mothers,6,not specified,PM2.5,not specified,cardiovascular,not specified,PMID: 27187431,Effects of Fine Particulate Matter (PM2.5) on Systemic Oxidative Stress and Cardiac Function in ApoE(-/-) Mice,"ApoE(-/-) and C57BL/6 mice were randomly categorized into four groups, respectively (n = 6): one control group, three groups exposed to PM2.5 alone at low-, mid-, and high-dose (3, 10, or 30 mg/kg b.w.).",medium,pending,
cohort-0112,Framingham,adults/families,not reported,not specified,PM2.5; black carbon; ozone (O3),urine; blood,cardiovascular; diabetes,not specified,PMID: 27126478,Short-Term Exposure to Air Pollution and Biomarkers of Oxidative Stress: The Framingham Heart Study,Two thousand thirty-five Framingham Offspring Cohort participants living within 50 km of the Harvard Boston Supersite who were not current smokers were included.,low,pending,
cohort-0113,Multi-Ethnic Study of Atherosclerosis,adults,not reported,United States,PM2.5,not specified,cardiovascular,not specified,PMID: 26859533,Particulate Matter Exposure and Cardiopulmonary Differences in the Multi-Ethnic Study of Atherosclerosis,The Multi-Ethnic Study of Atherosclerosis performed cardiac magnetic resonance (CMR) imaging among participants 45-84 years old without clinical cardiovascular disease in 2000-2002 in six U.S.,low,pending,
cohort-0114,NHANES,U.S. general population,not reported,United States,PM2.5; PM10; ozone (O3); heat/temperature,blood,cardiovascular; immune/inflammation,not specified,PMID: 26725170,Association of exposure to particulate matter (PM2.5) air pollution and biomarkers of cardiovascular disease risk in adult NHANES participants (2001-2008),We examined the association of ambient PM2.5 exposure and inflammatory markers in adult NHANES participants for cycles 2001-2008..,low,pending,
cohort-0115,Multi-Ethnic Study of Atherosclerosis,adults,not reported,not specified,PM2.5; nitrogen dioxide (NO2),not specified,cardiovascular,not specified,PMID: 26618771,"Air Pollution, Cardiovascular Outcomes, and Social Disadvantage: The Multi-ethnic Study of Atherosclerosis",We used cardiac magnetic resonance imaging data from the Multi-Ethnic Study of Atherosclerosis to assess left-ventricular mass index (LVMI) and left-ventricular ejection fraction (LVEF).,low,pending,
cohort-0116,Nurses' Health Study,adults/women,114,not specified,PM2.5; PM10,not specified,cardiovascular; mortality; diabetes,not specified,PMID: 26607712,Effect Modification of Long-Term Air Pollution Exposures and the Risk of Incident Cardiovascular Disease in US Women,"We assessed the associations of long-term particulate matter (PM) exposures with incident CVD in a nationwide cohort of 114 537 women in the Nurses' Health Study, and performed analyses to identify subpopulations at the greatest risk.",medium,pending,
cohort-0117,NHANES,U.S. general population,not reported,not specified,PM10; particulate matter,serum; blood,cardiovascular; maternal blood pressure,not specified,PMID: 26605815,Particulate Air Pollution and Clinical Cardiovascular Disease Risk Factors,"We examined the relationship of PM with levels of circulating lipids and blood pressure in the Third National Health and Nutrition Examination Survey (NHANES III), a large nationally representative US survey..",low,pending,
cohort-0118,Framingham,adults/families,not reported,not specified,PM2.5,not specified,not extracted,not specified,PMID: 26562062,The Impact of Multipollutant Clusters on the Association Between Fine Particulate Air Pollution and Microvascular Function,Outcome variables were two measures of microvascular function in the fingertip in the Framingham Offspring and Third Generation cohorts from 2003 to 2008..,low,pending,
cohort-0119,MESA,adults,not reported,not specified,PM2.5,not specified,not extracted,not specified,PMID: 26142402,Ambient air pollution and racial/ethnic differences in carotid intima-media thickness in the Multi-Ethnic Study of Atherosclerosis (MESA),We estimated the influence of ambient air pollution exposure to ethnic differences in common carotid intima-media thickness (IMT)..,low,pending,
cohort-0120,Multi-Ethnic Study of Atherosclerosis,adults,not reported,not specified,PM2.5,not specified,not extracted,not specified,PMID: 26142402,Ambient air pollution and racial/ethnic differences in carotid intima-media thickness in the Multi-Ethnic Study of Atherosclerosis (MESA),We estimated the influence of ambient air pollution exposure to ethnic differences in common carotid intima-media thickness (IMT)..,low,pending,
cohort-0121,Framingham,adults/families,not reported,not specified,PM2.5; PM10,blood,cardiovascular; diabetes; maternal blood pressure,not specified,PMID: 25863505,Framingham risk score modifies the effect of PM10 on heart rate variability,"We investigated the associations between personal exposures to PM with aerodynamic diameter of ≤10μm (PM10) and ≤2.5μm (PM2.5) and concurrent HRV, and whether the effect of particulate matter on HRV was modified by Framingham risk score (FRS) in healthy subjects with different particulate matter exposure levels.",low,pending,
cohort-0122,Sister Study,women,"43,629 women",United States,PM2.5; nitrogen dioxide (NO2),blood,cardiovascular; mortality; cancer; maternal blood pressure,not specified,PMID: 25748169,Long-Term Air Pollution Exposure and Blood Pressure in the Sister Study,"This analysis included 43,629 women 35-76 years of age, enrolled 2003-2009, who had a sister with breast cancer.",medium,pending,
cohort-0123,MESA,adults,not reported,not specified,PM2.5; black carbon; nitrogen dioxide (NO2),serum; blood,cardiovascular; immune/inflammation,not specified,PMID: 25710246,"Long-term exposure to air pollution and markers of inflammation, coagulation, and endothelial activation: a repeat-measures analysis in the Multi-Ethnic Study of Atherosclerosis (MESA)","We studied participants from the Multi-Ethnic Study of Atherosclerosis from 2000 to 2012 with repeat measures of serum C-reactive protein (CRP), interleukin-6 (IL-6), fibrinogen, D-dimer, soluble E-selectin, and soluble Intercellular Adhesion Molecule-1.",low,pending,
cohort-0124,Multi-Ethnic Study of Atherosclerosis,adults,not reported,not specified,PM2.5; black carbon; nitrogen dioxide (NO2),serum; blood,cardiovascular; immune/inflammation,not specified,PMID: 25710246,"Long-term exposure to air pollution and markers of inflammation, coagulation, and endothelial activation: a repeat-measures analysis in the Multi-Ethnic Study of Atherosclerosis (MESA)","We studied participants from the Multi-Ethnic Study of Atherosclerosis from 2000 to 2012 with repeat measures of serum C-reactive protein (CRP), interleukin-6 (IL-6), fibrinogen, D-dimer, soluble E-selectin, and soluble Intercellular Adhesion Molecule-1.",low,pending,
cohort-0125,Nurses' Health Study,adults/women,245,United States,PM2.5; PM10,not specified,autism spectrum disorder,not specified,PMID: 25522338,"Autism spectrum disorder and particulate matter air pollution before, during, and after pregnancy: a nested case-control analysis within the Nurses' Health Study II Cohort","We conducted a nested case-control study of participants in the Nurses' Health Study II (NHS II), a prospective cohort of 116,430 U.S.",medium,pending,
