cluster_id,theme,article_count,main_titles,cluster_method
1,particulate matter + cardiovascular,1236,Identification of Pro-Atherogenic Microenvironment-Associated Molecular Signatures in Response to Key Effective PM2.5 Constituents Using a Blood-Brain Barrier-Immune Microenvironment Platform. | Gestational inhalation of nanoparticles alters placental glucose transporter expression and increases glucose flux in rats. | Time-dependent analysis of bronchus-associated lymphoid tissue formation and pulmonary inflammation induced by various particulate matter in asthmatic mice model. | Household incense burning and small for gestational age risk in newborn infants. | [Advances on the effects and mechanisms of maternal exposure to particulate matter on offspring neurodevelopment].,hash_fallback
2,air pollution + cardiovascular,1183,"Climate-Smart Health Care: Role of the Family Physician. | Short-term air pollution exposure and COVID-19 pneumonia in New York City: stronger associations among individuals with pre-existing cardiovascular conditions. | Time series analysis of environmental factors and their association with emergency visits for asthma exacerbations in Petaling Jaya, Malaysia. | Exposure to Airborne Particulate Matter in Regional Environments of Bangladesh and Its Effects on Respiratory Health: A Narrative Review. | Geospatial-based neighborhood hazards and asthma in adults: Interaction with social vulnerability.",hash_fallback
3,heat/temperature + cardiovascular,962,Effect of ambient relative humidity and particulate matter on the levels of asthma therapy. | [Acute impact of combined exposure to cold spell and heavy pollution on circulatory disease mortality in the Beijing-Tianjin-Hebei Region and surrounding areas]. | Nutrition and Hydration Strategies for Heatwave Adaptation: A Narrative Review. | Assessment of temperature on mortality burden and economic impacts in a basin-located mega-city. | Heat-protective behavior in pregnancy: Extending Protection Motivation Theory with environmental and social factors.,hash_fallback
4,nitrogen dioxide (NO2) + cardiovascular,826,"Critical Windows of Air Pollution Exposure During Spermatogenesis and Intrauterine Insemination Outcomes. | Association between long-term exposure to air pollution and blood pressure in children: an updated systematic review and meta-analysis. | Air pollution and cardiovascular disease: A review of current scientific data. | A comprehensive study on the association of personal air pollution exposure with thyroid hormones in pregnant women. | Air Pollution Mixture and Folate Status Indicators among Pregnant Women in Canada: Maternal-Infant Research on Environmental Chemicals (MIREC) Study, 2008 to 2011.",hash_fallback
5,PFAS + pregnancy,727,Integrated Computational and In Vivo Evidence Prioritizes MYH6 as a Candidate Node in PFOS-Associated HCM-like Cardiac Remodeling. | A prospective twin cohort investigates placental transfer efficiency as a potential determinant of fetal growth across a 300-xenobiotic maternal-fetal exposure landscape. | Impairment of placental function and maternal-fetal immunity cross-talk by per- and polyfluoroalkyl substances during early pregnancy. | Prenatal PFAS Exposure and Early Childhood Sleep Quality in the ECHO Cohort. | In Utero Per- and Polyfluoroalkyl Substances (PFAS) Exposure and Changes in Infant T Helper Cell Development among UPSIDE-ECHO Cohort Participants.,hash_fallback
6,black carbon + cardiovascular,332,Spatial analysis of environmental and socioeconomic factors impacting maternal and infant health outcomes in North Carolina. | Long-term particulate matter exposure and coronary inflammation: A large-scale cohort study assessed by pericoronary fat attenuation index. | Prenatal air pollution exposure and placental biomarkers of oxidative stress and ageing: results from the BiSC cohort. | Maternal exposure to fine particulate matter and autism spectrum disorder in children: population based case-control study. | Association of atmospheric oxidants and fine particulates with polycystic ovary syndrome and the reproductive trajectory: Protective role of residential greenness.,hash_fallback
7,ozone (O3) + cardiovascular,172,"Heart failure at the crossroads of climate change and environmental health: emerging risks, mechanistic insights, and future directions. | Predicting asthma prevalence across US communities by integrating social vulnerability and environmental risk with machine learning. | Indoor HEPA Filtration Mitigates Adverse Cardiorespiratory Effects of Ozone Reaction Products. | The effect of Ambient heat exposure early in pregnancy on the frequency of congenital heart defects: A systematic review and meta-analysis. | Synergistic Effects of Maternal PM and Ozone Co-exposure on Gestational Diabetes Mellitus: A Metabolomic Mechanistic Insight. 2.5",hash_fallback
8,green space/greenness + asthma,140,"Assessing the feasibility of indoor air quality monitoring in low-income housing among Black adults with uncontrolled asthma in New York City. | Genetic and environmental risk factors of asthma: a narrative review. | Differences in built environmental exposures between three million older adults with and without cardiovascular diseases: a nationwide cross-sectional study in the Netherlands. | Interactive effects of green-space exposure and air pollution on cardiovascular disease risk: a study based on the CHARLS and CLHLS databases. | Short-term exposure to ambient air pollution and emergency ambulance dispatches for precipitous labor: a time-series study in Guangzhou, China.",hash_fallback
9,lead + cardiovascular,139,Sex-specific associations between long-term exposure to ambient air pollution and the cardiac conduction system - a longitudinal analysis of the KORA cohort. | Toxicological Effects and Health Impacts of Per- and Polyfluoroalkyl Substances (PFAS) in Humans. | Chemical exposome patterns in mothers and children across urbanisation levels in five European birth cohorts. | Associations of prenatal fine particulate matter mixtures with neurodevelopmental outcomes in early childhood: component- and source-specific insights. | Association of prenatal exposure to criteria air pollutants and traffic-related air toxics with adverse birth outcomes: A population-based cohort study in California (1990-2021).,hash_fallback
10,noise + cardiovascular,103,Heat Plus Fire: A Compound Hazard Threatening Cardiovascular Health. | Constituent-Specific PM and Cardiovascular Risk: From Mass to Mixture. 2.5 | Sex-Specific Cardiovascular Strain During Heat Acclimation in Tactical Athletes. | Air Pollution and Cardiovascular Health: Turning Evidence Into Action. | Data-driven causal structure discovery to generate causal hypotheses and strengthen causal inference in exposome studies.,hash_fallback
11,PM2.5 + cardiovascular,102,"Association between long-term ambient PM. exposure and hypertension and metabolic syndrome among Ghanaian adults. 2 5 | Assessing the Evidence for Differential Health Effects of Wildfire Smoke Across Fires and Populations: A Critical Review of Recent Studies. | Metropolitan air pollution and the upper and lower airway: chronic rhinosinusitis and asthma outpatient burden. | Exploring Metal Mixtures Exposure and Cardiovascular Risk Factors in Miami Dade. | Association between long-term exposure to artificial light at night and air pollution, and cardiovascular diseases in middle-aged and older adults.",hash_fallback
12,mercury + cardiovascular,84,"Occupational and Environment-Related Cardiovascular Disease: A Comprehensive Review of the Literature. | PM Composition Exposure and Cardiovascular Disease: A Multicohort Study Integrating Disease Incidence and Biomarkers. 2.5 | Airborne Ultrafine Particles: Real-life Exposure Patterns, Epidemiological Evidence and Regulatory Responses in Switzerland and Beyond. | Ultrafine particles exposure and early subclinical cardiovascular effects from shipping and port activities. | Ambient PM and O and their combined effects on the onset of acute cardiovascular events: a time-stratified case-crossover study in Jining, China (2015-2023). 2.5 3",hash_fallback
13,PM10 + cardiovascular,39,"Hourly Exposure to Ambient Air Pollutants and Risk of Acute Aortic Dissection: Evidence From 162 Chinese Cities. | Short-term associations between ambient PM, PM, and PM and hospital admissions, length of hospital stays, and hospital expenses for patients with cardiovascular diseases in rural areas of Fuyang, East China. 1 2.5 10 | Interplay between gender and pollution on the prognosis of resuscitated out-of-hospital cardiac arrest. | Causal Associations of Environmental Pollution and Cardiovascular Disease: A Two-Sample Mendelian Randomization Study. | [Short-term effects of PM10 on cause-specific mortality and the role of long-term environmental pressures in the industrial areas of Brindisi and Civitavecchia].",hash_fallback
14,arsenic + cardiovascular,28,"ToxiTaRGET: a multi-omics database for toxicant-responsive molecular targets. | Chemical mixtures and birth weight: comparison of multipollutant models in the Maternal-Infant Research on Environmental Chemicals (MIREC) study. | Arsenic, cadmium, lead, mercury, and PFAS exposure during pregnancy or lactation and respective concentrations in human milk: Systematic review. | Pseudohypoxia induced by chemical pollutants: Biochemical evidence of environmental vulnerability. | ToxiTaRGET: a multi-omics resource for toxicant-responsive molecular targets.",hash_fallback
15,cadmium + cardiovascular,21,"Size-specific health effects of particulate matter components on cardiovascular mortality: a weekly time-series study in Tianjin, China. | Exposure to air and water pollution during pregnancy and risk of adverse perinatal outcomes in São Paulo State: protocol for a retrospective population-based cohort study. | Acute heat stress response in male and female mouse offspring perinatally exposed to cadmium or high fructose diet. | Joint effects of prenatal PM and heavy metals on preterm birth: evidence from a nested case-control study in China. 2.5 | Bayesian Network Modeling of Environmental, Social, and Behavioral Determinants of Cardiovascular Disease Risk.",hash_fallback
16,microplastics + cardiovascular,11,Joint associations between gestational environmental chemical mixtures and child behavioral outcomes. | Environmental Exposures and Atherosclerotic Risk Factors in Vulnerable Youth: The Example of American Indian/Alaska Native Populations. | Prenatal and childhood exposure to perfluoroalkyl substances and fat distribution in 9-year-old children: A prospective cohort study in the Faroe Islands. | Environmental Pollutants as Emerging Concerns for Cardiac Diseases: A Review on Their Impacts on Cardiac Health. | Prenatal exposures to mixtures of endocrine disrupting chemicals and sex-specific associations with children's BMI and overweight at 5.5 years of age in the SELMA study.,hash_fallback
17,mortality,9,"Joint effects of PM pollution and cold waves exposure on population health risks in Shijiazhuang, China. 2.5 | Environmental Contaminants and Congenital Heart Defects: Focus on PFAS, PAHs, and Other Emerging Exposures. | Impact of population density and industrial activity on PM2.5-Related adverse health outcomes: A study of the Quebec-Ontario corridor in Canada. | Impact of wildfires and PM on ST-elevation acute coronary syndrome in Rosario City: a case-crossover study. 2.5 | Per- and polyfluoroalkyl substances (PFAS) and hypertensive disorders of Pregnancy- integration of epidemiological and mechanistic evidence.",hash_fallback
18,PFOA + pregnancy,9,"Risks of respiratory and circulatory system diseases induced by exposure to PM in high humidity and low solar radiation environments: disease types, genes, and functions. 2.5 | Maternal and Neonatal Effects of Maternal Oral Exposure to Perfluoro-2-methoxyacetic Acid (PFMOAA) during Pregnancy and Early Lactation in the Sprague-Dawley Rat. | Cardiometabolic health and per and polyfluoroalkyl substances in an Inuit population. | Associations between lifestyle factors and levels of per- and polyfluoroalkyl substances (PFASs), phthalates and parabens in follicular fluid in women undergoing fertility treatment. | In utero exposure to per-/polyfluoroalkyl substances (PFASs): Preeclampsia in pregnancy and low birth weight for neonates.",hash_fallback
19,BPA + pregnancy,8,"Mechanisms of reproductive toxicity and endocrine disruption of bisphenols and per- and polyfluoroalkyl substances (PFAS): Implications for women's reproductive health. | Association between Particulate Matter (PM₂.₅), Nitrogen Dioxide (NO₂), Bisphenol A (BPA), and Phthalates and Infertility Outcomes: A Systematic Review and Meta-Analysis. | Prenatal and childhood exposure to mixtures of environmental chemicals and adolescence attentional problems: a triangulation study. | Endocrine disrupting chemicals: translating mechanisms into perinatal risk assessment. | An Umbrella Review of Meta-Analyses Evaluating Associations between Human Health and Exposure to Major Classes of Plastic-Associated Chemicals.",hash_fallback
20,neurodevelopment,7,Prenatal PFAS exposure associates with DXA assessed markers of adiposity in 7-year-old children from the Odense Child Cohort. | Adverse neurodevelopment in children associated with prenatal exposure to fine particulate matter (PM) - Possible roles of polycyclic aromatic hydrocarbons (PAHs) and mechanisms involved. 2.5 | Effect of Per and Poly-Fluoroalkyl Substances on Pregnancy and Child Development. | Pregnancy exposure to carbon black nanoparticles induced neurobehavioral deficits that are associated with altered mA modification in offspring. 6 | Exposure to carbon black nanoparticles during pregnancy persistently damages the cerebrovascular function in female mice.,hash_fallback
21,PFOS + immune,6,"Health benefit considerations for the development of fish advisory guidelines for PFOS. | Seasonal Influences on Human Placental Transcriptomes Associated with Spontaneous Preterm Birth. | Effects of maternal curcumin nano-micelle supplementation on transitioning ewes and their offspring: Performance, health biomarkers, and environmental impacts during heat stress. | Maternal exposure to perfluorobutane sulfonate (PFBS) during pregnancy: evidence of adverse maternal and fetoplacental effects in New Zealand White (NZW) rabbits. | Pregnancy exposure to carbon black nanoparticles exacerbates bleomycin-induced lung fibrosis in offspring via disrupting LKB1-AMPK-ULK1 axis-mediated autophagy.",hash_fallback
22,nanoplastics + cardiovascular,4,"Micro- and nano-plastics in the coronary circulation and air pollution exposure in ischaemic heart disease presentation. | Micro- and nanoplastics and PM2.5 in cardiovascular disease: Emerging mechanisms, impacts, and therapeutic insights. | Gestational exposure to micro and nanoplastics differentially impacts cardiac development and function in male and female rats throughout the lifespan. | Identification of micro- and nanoplastic particles in postnatal sprague-dawley rat offspring after maternal inhalation exposure throughout gestation.",hash_fallback
23,respiratory,4,Influence of Saharan Dust Intrusions on Respiratory Medication Dispensing. | Reticulophagy promotes EMT-induced fibrosis in offspring's lung tissue after maternal exposure to carbon black nanoparticles during gestation by a mC-dependent manner. 5 | Efficacy of Communication Techniques and Health Outcomes of Bushfire Smoke Exposure: A Scoping Review. | Ultrafine particles and children's health: Literature review.,hash_fallback
24,inflammation,3,Investigating short-term lung inflammation using exhaled breath VOCs from exposure to candles: a randomized controlled crossover study among young mild asthmatics. | NRF2-Dependent Placental Effects Vary by Sex and Dose following Gestational Exposure to Ultrafine Particles. | Evaluating the evidence on genotoxicity and reproductive toxicity of carbon black: a critical review.,hash_fallback
