id,exposure_name,exposure_type,health_outcome,population,study_design,effect_direction,effect_estimate,sample_size,population_size,statistical_methods,evidence_sentence,citation,source_title,confidence,review_status,reviewer_notes
assoc-0001,ozone (O3),single pollutant,cardiovascular,not specified,not specified,unspecified,not extracted,not reported,not reported,not extracted,"We tested the hypothesis by using two complementary approaches, including a panel study in healthy adults and a meta-regression analysis of O3 on cardiorespiratory effects reported in the literature.",PMID: 42623452,Respiratory and Cardiovascular Effects of Ozone Modified by PM2.5: Evidence from a Panel Study and a Meta-Regression Analysis,medium,pending,
assoc-0002,ozone (O3),single pollutant,respiratory,not specified,not specified,unspecified,not extracted,not reported,not reported,not extracted,"We tested the hypothesis by using two complementary approaches, including a panel study in healthy adults and a meta-regression analysis of O3 on cardiorespiratory effects reported in the literature.",PMID: 42623452,Respiratory and Cardiovascular Effects of Ozone Modified by PM2.5: Evidence from a Panel Study and a Meta-Regression Analysis,medium,pending,
assoc-0003,PM2.5,particle mixture,immune,not specified,not specified,unspecified,not extracted,not reported,not reported,not extracted,"Identification of Pro-Atherogenic Microenvironment-Associated Molecular Signatures in Response to Key Effective PM2.5 Constituents Using a Blood-Brain Barrier-Immune Microenvironment Platform Fine particulate matter (PM2.5) has been associated with adverse central nervous system (CNS) outcomes, yet it remains unclear how PM2.5 constituents penetrate the blood-brain barrier (BBB) and which specific components enter the CNS to remodel the immune microenvironment.",PMID: 42611483,Identification of Pro-Atherogenic Microenvironment-Associated Molecular Signatures in Response to Key Effective PM2.5 Constituents Using a Blood-Brain Barrier-Immune Microenvironment Platform,low,pending,
assoc-0004,air pollution,mixture,cardiovascular,not specified,not specified,positive association,not extracted,"15,361",not reported,Poisson regression,"We found that pre-existing cardiovascular conditions increase vulnerability to short-term air pollution, amplifying COVID-19 pneumonia risk during hospitalization.",PMID: 42603825,Short-term air pollution exposure and COVID-19 pneumonia in New York City: stronger associations among individuals with pre-existing cardiovascular conditions,medium,pending,
assoc-0005,PFOS,single chemical,cardiovascular,not specified,experimental animal,unspecified,not extracted,not reported,not reported,not extracted,"We integrated transcriptomic screening, ensemble machine learning, molecular docking and 100-ns molecular dynamics, cross-species cardiac single-cell atlases with virtual knockout, and a time-stratified mouse exposure study (approximately 5 μg/kg/d for 4-8 weeks) to prioritize candidate molecular nodes associated with PFOS-related cardiac remodeling.",PMID: 42600829,Integrated Computational and In Vivo Evidence Prioritizes MYH6 as a Candidate Node in PFOS-Associated HCM-like Cardiac Remodeling,medium,pending,
assoc-0006,phthalate,chemical class,birth weight,pregnant women/infants,prospective cohort study,unspecified,not extracted,not reported,not reported,linear mixed-effects models,"We conducted a prospective cohort study screening 300 xenobiotics spanning multiple chemical classes, including PFAS, phthalate metabolites, environmental phenols/parabens, and pesticide- or industrial-related chemicals, across maternal serum and paired cord blood to define the core maternal-fetal exposome.",PMID: 42600486,A prospective twin cohort investigates placental transfer efficiency as a potential determinant of fetal growth across a 300-xenobiotic maternal-fetal exposure landscape,medium,pending,
assoc-0007,phthalate,chemical class,birth weight/fetal growth,pregnant women/infants,prospective cohort study,unspecified,not extracted,not reported,not reported,linear mixed-effects models,"We conducted a prospective cohort study screening 300 xenobiotics spanning multiple chemical classes, including PFAS, phthalate metabolites, environmental phenols/parabens, and pesticide- or industrial-related chemicals, across maternal serum and paired cord blood to define the core maternal-fetal exposome.",PMID: 42600486,A prospective twin cohort investigates placental transfer efficiency as a potential determinant of fetal growth across a 300-xenobiotic maternal-fetal exposure landscape,medium,pending,
assoc-0008,PFAS,chemical class,birth weight,pregnant women/infants,prospective cohort study,unspecified,not extracted,not reported,not reported,linear mixed-effects models,"We conducted a prospective cohort study screening 300 xenobiotics spanning multiple chemical classes, including PFAS, phthalate metabolites, environmental phenols/parabens, and pesticide- or industrial-related chemicals, across maternal serum and paired cord blood to define the core maternal-fetal exposome.",PMID: 42600486,A prospective twin cohort investigates placental transfer efficiency as a potential determinant of fetal growth across a 300-xenobiotic maternal-fetal exposure landscape,medium,pending,
assoc-0009,PFAS,chemical class,birth weight/fetal growth,pregnant women/infants,prospective cohort study,unspecified,not extracted,not reported,not reported,linear mixed-effects models,"We conducted a prospective cohort study screening 300 xenobiotics spanning multiple chemical classes, including PFAS, phthalate metabolites, environmental phenols/parabens, and pesticide- or industrial-related chemicals, across maternal serum and paired cord blood to define the core maternal-fetal exposome.",PMID: 42600486,A prospective twin cohort investigates placental transfer efficiency as a potential determinant of fetal growth across a 300-xenobiotic maternal-fetal exposure landscape,medium,pending,
assoc-0010,PFAS,chemical class,immune,pregnant women/infants,not specified,unspecified,not extracted,not reported,not reported,not extracted,"Using a placental-immune cell co-culture model, we examined bidirectional interactions and their respective effects on functional endpoints in both cellular compartments and further investigated how exposure to PFAS may interfere in the bidirectional communication.",PMID: 42600302,Impairment of placental function and maternal-fetal immunity cross-talk by per- and polyfluoroalkyl substances during early pregnancy,medium,pending,
assoc-0011,PM2.5,particle mixture,asthma,not specified,not specified,unspecified,not extracted,288 patients,not reported,logistic regression,We consecutively recruited 288 newly diagnosed adult patients with asthma and followed them for at least 6 months according to the Global Initiative for Asthma (GINA) strategy.,PMID: 42598180,Effect of ambient relative humidity and particulate matter on the levels of asthma therapy,medium,pending,
assoc-0012,heat/temperature,non-chemical stressor,asthma,not specified,not specified,unspecified,not extracted,288 patients,not reported,logistic regression,We consecutively recruited 288 newly diagnosed adult patients with asthma and followed them for at least 6 months according to the Global Initiative for Asthma (GINA) strategy.,PMID: 42598180,Effect of ambient relative humidity and particulate matter on the levels of asthma therapy,medium,pending,
assoc-0013,PM2.5,particle mixture,cardiovascular,not applicable — review synthesizes evidence across studies/populations,review / perspective,review-level association evidence; not a primary-study effect estimate,not applicable — no pooled quantitative effect estimate reported in abstract,not applicable (review article),not applicable (review article),meta-analysis / review synthesis; exact statistical methods not fully extracted from abstract,..,PMID: 42595534,[Acute impact of combined exposure to cold spell and heavy pollution on circulatory disease mortality in the Beijing-Tianjin-Hebei Region and surrounding areas],high,pending,
assoc-0014,PM2.5,particle mixture,mortality,not applicable — review synthesizes evidence across studies/populations,review / perspective,review-level association evidence; not a primary-study effect estimate,not applicable — no pooled quantitative effect estimate reported in abstract,not applicable (review article),not applicable (review article),meta-analysis / review synthesis; exact statistical methods not fully extracted from abstract,..,PMID: 42595534,[Acute impact of combined exposure to cold spell and heavy pollution on circulatory disease mortality in the Beijing-Tianjin-Hebei Region and surrounding areas],high,pending,
assoc-0015,heat/temperature,non-chemical stressor,cardiovascular,not applicable — review synthesizes evidence across studies/populations,review / perspective,review-level association evidence; not a primary-study effect estimate,not applicable — no pooled quantitative effect estimate reported in abstract,not applicable (review article),not applicable (review article),meta-analysis / review synthesis; exact statistical methods not fully extracted from abstract,..,PMID: 42595534,[Acute impact of combined exposure to cold spell and heavy pollution on circulatory disease mortality in the Beijing-Tianjin-Hebei Region and surrounding areas],high,pending,
assoc-0016,heat/temperature,non-chemical stressor,mortality,not applicable — review synthesizes evidence across studies/populations,review / perspective,review-level association evidence; not a primary-study effect estimate,not applicable — no pooled quantitative effect estimate reported in abstract,not applicable (review article),not applicable (review article),meta-analysis / review synthesis; exact statistical methods not fully extracted from abstract,..,PMID: 42595534,[Acute impact of combined exposure to cold spell and heavy pollution on circulatory disease mortality in the Beijing-Tianjin-Hebei Region and surrounding areas],high,pending,
assoc-0017,PFAS,chemical class,neurodevelopment,2836 mother-child pairs from mother-child cohorts,cohort study,unspecified,not extracted,2836 mother-child pairs,not reported,linear mixed-effects models,We examined associations between prenatal exposure to individual PFAS and early childhood sleep quality.,PMID: 42595033,Prenatal PFAS exposure and early childhood sleep quality in the ECHO Cohort,medium,pending,
assoc-0018,PM2.5,particle mixture,hypertension,cohort participants,cross-sectional study,null / no clear association,not extracted,1833 adults,not reported,logistic regression,"A positive association was observed between PM2.5 and hypertension, while no association was found for MetS overall or its component conditions.",PMID: 42595030,Association between long-term ambient PM. exposure and hypertension and metabolic syndrome among Ghanaian adults. 2 5,medium,pending,
assoc-0019,particulate matter,particle mixture,birth weight/fetal growth,pregnant women/infants,experimental animal,unspecified,not extracted,not reported,not reported,not extracted,"Inhaling airborne pollutants, like particulate matter, is associated with pregnancy complications and fetal developmental pathologies, including fetal growth restriction (FGR).",PMID: 42594972,Gestational inhalation of nanoparticles alters placental glucose transporter expression and increases glucose flux in rats,low,pending,
assoc-0020,nitrogen dioxide (NO2),single pollutant,hypertension,not applicable — review synthesizes evidence across studies/populations,systematic review / meta-analysis,review-level association evidence; not a primary-study effect estimate,not applicable — no pooled quantitative effect estimate reported in abstract,not applicable (review article),not applicable (review article),meta-analysis / review synthesis; exact statistical methods not fully extracted from abstract,"Meta-analysis was limited to PM, PM, and NO because cohort data for other pollutants were limited, and exposure increments and hypertension definitions varied across studies.",PMID: 42568331,Association between long-term exposure to air pollution and blood pressure in children: an updated systematic review and meta-analysis,high,pending,
assoc-0021,particulate matter,particle mixture,hypertension,not applicable — review synthesizes evidence across studies/populations,systematic review / meta-analysis,review-level association evidence; not a primary-study effect estimate,not applicable — no pooled quantitative effect estimate reported in abstract,not applicable (review article),not applicable (review article),meta-analysis / review synthesis; exact statistical methods not fully extracted from abstract,"Meta-analysis was limited to PM, PM, and NO because cohort data for other pollutants were limited, and exposure increments and hypertension definitions varied across studies.",PMID: 42568331,Association between long-term exposure to air pollution and blood pressure in children: an updated systematic review and meta-analysis,high,pending,
assoc-0022,air pollution,mixture,asthma,not specified,time-series epidemiologic study,unspecified,not extracted,not reported,not reported,not extracted,We used retrospective data over four years (1 January 2014 to 13 April 2017) comprising clinical records from a main hospital in Klang Valley and environmental data (air pollutants and meteorological data) obtained from nearby stations.,PMID: 42565432,"Time series analysis of environmental factors and their association with emergency visits for asthma exacerbations in Petaling Jaya, Malaysia",medium,pending,
assoc-0023,air pollution,mixture,respiratory,not specified,time-series epidemiologic study,unspecified,not extracted,not reported,not reported,not extracted,We used retrospective data over four years (1 January 2014 to 13 April 2017) comprising clinical records from a main hospital in Klang Valley and environmental data (air pollutants and meteorological data) obtained from nearby stations.,PMID: 42565432,"Time series analysis of environmental factors and their association with emergency visits for asthma exacerbations in Petaling Jaya, Malaysia",medium,pending,
assoc-0024,PFAS,chemical class,hypertension,pregnant women in the Puerto Rico PROTECT cohort,observational pregnancy cohort study,positive association,OR = 2.14,548,not reported,multivariable linear regression; adjusted logistic regression; linear mixed models; generalized additive models,The exposure mixture (which included all six PFAS) was associated with higher odds of hypertension (OR = 2.14; 95% CI: 1.32-3.46) and to a lesser extent high MAP (OR = 1.50; 95% CI: 0.96-2.36) at 24-28 weeks and high PP at 16-20 weeks (OR = 1.54; 95% CI: 0.82-2.92).,PMID: 42551796,Association of PFAS exposure with maternal blood pressure and hypertension during pregnancy in the PROTECT cohort,high,pending,
assoc-0025,heat/temperature,non-chemical stressor,respiratory,not specified,cross-sectional study,positive association,RR of 1.033,not reported,not reported,not extracted,"Heat was most strongly associated with ED presentations, with a RR of 1.033 (95% CI, 1.023-1.043; p < 0.001) per degree temperature change for respiratory conditions and 1.023 (95% CI, 1.016-1.031; p < 0.001) for mental health conditions.",PMID: 42557995,The Impact of Heat and Bushfire Smoke on Health System Utilisation in Australia,high,pending,
assoc-0026,air pollution,mixture,respiratory,general population / ambient-exposure evidence; occupationally exposed workers included in the evidence base,narrative review,review-level association evidence; not a primary-study effect estimate,not applicable — no pooled quantitative effect estimate reported in abstract,not applicable (review article),not applicable (review article),review synthesis; exact review/statistical methods not reported in abstract,"The findings of the present review indicates that the urgent regulatory enforcement, enhanced air quality monitoring, and targeted public health interventions are essential to mitigate respiratory health risks and reduce the nationwide burden of air pollution in Bangladesh.",PMID: 42540534,Exposure to Airborne Particulate Matter in Regional Environments of Bangladesh and Its Effects on Respiratory Health: A Narrative Review,high,pending,
assoc-0027,particulate matter,particle mixture,birth weight/fetal growth,pregnant women/infants,cohort study,unspecified,not extracted,"18,666 mother-infant pairs",not reported,logistic regression,"We analyzed data from 18,666 mother-infant pairs enrolled in the Taiwan Birth Cohort Study with follow-up at 6 months postpartum.",PMID: 42538170,Household incense burning and small for gestational age risk in newborn infants,medium,pending,
assoc-0028,particulate matter,particle mixture,preterm birth,pregnant women/infants,cohort study,unspecified,not extracted,"18,666 mother-infant pairs",not reported,logistic regression,"We analyzed data from 18,666 mother-infant pairs enrolled in the Taiwan Birth Cohort Study with follow-up at 6 months postpartum.",PMID: 42538170,Household incense burning and small for gestational age risk in newborn infants,medium,pending,
assoc-0029,PFAS,chemical class,immune,pregnant women/infants/children,not specified,unspecified,not extracted,not reported,not reported,not extracted,"Finally, we outline a conceptual framework for developmental hazard assessment, in which exposure-window characterization, congener-specific toxicokinetics, human-relevant models, multi-omics biomarkers, and PBPK/PBTK modeling are positioned as complementary components rather than as a fully operational assessment system",PMID: 42534890,Prenatal PFAS exposure and offspring health: evidence review and implications for intergenerational risk assessment,medium,pending,
assoc-0030,PFAS,chemical class,thyroid,pregnant women/infants/children,not specified,unspecified,not extracted,not reported,not reported,not extracted,"Finally, we outline a conceptual framework for developmental hazard assessment, in which exposure-window characterization, congener-specific toxicokinetics, human-relevant models, multi-omics biomarkers, and PBPK/PBTK modeling are positioned as complementary components rather than as a fully operational assessment system",PMID: 42534890,Prenatal PFAS exposure and offspring health: evidence review and implications for intergenerational risk assessment,medium,pending,
assoc-0031,PFOA,single chemical,immune,pregnant women/infants/children,not specified,unspecified,not extracted,not reported,not reported,not extracted,"Finally, we outline a conceptual framework for developmental hazard assessment, in which exposure-window characterization, congener-specific toxicokinetics, human-relevant models, multi-omics biomarkers, and PBPK/PBTK modeling are positioned as complementary components rather than as a fully operational assessment system",PMID: 42534890,Prenatal PFAS exposure and offspring health: evidence review and implications for intergenerational risk assessment,medium,pending,
assoc-0032,PFOA,single chemical,thyroid,pregnant women/infants/children,not specified,unspecified,not extracted,not reported,not reported,not extracted,"Finally, we outline a conceptual framework for developmental hazard assessment, in which exposure-window characterization, congener-specific toxicokinetics, human-relevant models, multi-omics biomarkers, and PBPK/PBTK modeling are positioned as complementary components rather than as a fully operational assessment system",PMID: 42534890,Prenatal PFAS exposure and offspring health: evidence review and implications for intergenerational risk assessment,medium,pending,
assoc-0033,nitrogen dioxide (NO2),single pollutant,asthma,children,retrospective cohort study,unspecified,not extracted,936 children,not reported,logistic regression,"A retrospective cohort study was conducted using pediatric electronic medical records from Wuhu Hospital, Anhui Province, China, covering January 2022 to December 2025.",PMID: 42529083,Environmental and socioeconomic influences on childhood asthma and pneumonia: burden and healthcare utilization in a population-based cohort study,medium,pending,
assoc-0034,nitrogen dioxide (NO2),single pollutant,respiratory,children,retrospective cohort study,unspecified,not extracted,936 children,not reported,logistic regression,"A retrospective cohort study was conducted using pediatric electronic medical records from Wuhu Hospital, Anhui Province, China, covering January 2022 to December 2025.",PMID: 42529083,Environmental and socioeconomic influences on childhood asthma and pneumonia: burden and healthcare utilization in a population-based cohort study,medium,pending,
assoc-0035,heat/temperature,non-chemical stressor,asthma,children,retrospective cohort study,unspecified,not extracted,936 children,not reported,logistic regression,"A retrospective cohort study was conducted using pediatric electronic medical records from Wuhu Hospital, Anhui Province, China, covering January 2022 to December 2025.",PMID: 42529083,Environmental and socioeconomic influences on childhood asthma and pneumonia: burden and healthcare utilization in a population-based cohort study,medium,pending,
assoc-0036,heat/temperature,non-chemical stressor,respiratory,children,retrospective cohort study,unspecified,not extracted,936 children,not reported,logistic regression,"A retrospective cohort study was conducted using pediatric electronic medical records from Wuhu Hospital, Anhui Province, China, covering January 2022 to December 2025.",PMID: 42529083,Environmental and socioeconomic influences on childhood asthma and pneumonia: burden and healthcare utilization in a population-based cohort study,medium,pending,
assoc-0037,nitrogen dioxide (NO2),single pollutant,cardiovascular disease mortality,daily CVD mortality records,time-series epidemiologic study,positive association,not extracted,"87,913 deaths",not reported,generalized additive quasi-Poisson models,"Short-term exposure to ambient air pollution was associated with increased CVD mortality, particularly for PM, PM, and NO2, with consistent effects across single-day and cumulative lag structures.",PMID: 42529026,"Short-term associations between ambient air pollution and cardiovascular disease mortality: an 11-year time-series study in Nanning, China",medium,pending,
assoc-0038,heat/temperature,non-chemical stressor,cardiovascular,older adults,not specified,unspecified,not extracted,not reported,not reported,not extracted,"Interpretable machine learning for identifying determinants of high hypertension burden under extreme heat vulnerability: evidence from Maryland, USA Extreme heat poses increasing risks to cardiovascular health, yet fine-scale determinants of heat-related hypertension burden remain insufficiently understood.",PMID: 42528898,"Interpretable machine learning for identifying determinants of high hypertension burden under extreme heat vulnerability: evidence from Maryland, USA",low,pending,
assoc-0039,heat/temperature,non-chemical stressor,hypertension,older adults,not specified,unspecified,not extracted,not reported,not reported,not extracted,"Interpretable machine learning for identifying determinants of high hypertension burden under extreme heat vulnerability: evidence from Maryland, USA Extreme heat poses increasing risks to cardiovascular health, yet fine-scale determinants of heat-related hypertension burden remain insufficiently understood.",PMID: 42528898,"Interpretable machine learning for identifying determinants of high hypertension burden under extreme heat vulnerability: evidence from Maryland, USA",low,pending,
assoc-0040,heat/temperature,non-chemical stressor,cardiovascular mortality,daily CVD mortality records,time-series epidemiologic study,positive association,RR: 1.115,not reported,not reported,Poisson regression,"Based on 5.9 million CVD death records, compound exposure was associated with an 11.5% increase in cardiovascular mortality (RR: 1.115; 95% CI: 1.100-1.130), exceeding risks for heat wave-only (RR: 1.083; 95% CI: 1.074-1.091) and SFAP-only exposure (RR: 1.014; 95% CI: 1.008-1.021).",PMID: 42524808,Compound Exposure to Extreme Heat and Substantial Landscape Fire-Sourced Air Pollution on Cardiovascular Mortality,high,pending,
assoc-0041,heat/temperature,non-chemical stressor,cardiovascular,daily CVD mortality records,time-series epidemiologic study,positive association,RR: 1.115,not reported,not reported,Poisson regression,"Based on 5.9 million CVD death records, compound exposure was associated with an 11.5% increase in cardiovascular mortality (RR: 1.115; 95% CI: 1.100-1.130), exceeding risks for heat wave-only (RR: 1.083; 95% CI: 1.074-1.091) and SFAP-only exposure (RR: 1.014; 95% CI: 1.008-1.021).",PMID: 42524808,Compound Exposure to Extreme Heat and Substantial Landscape Fire-Sourced Air Pollution on Cardiovascular Mortality,high,pending,
assoc-0042,heat/temperature,non-chemical stressor,apoptosis-related signaling,in-vitro cultured cell model; exact cell model not extracted,in vitro comparative dose-response / mechanistic toxicology study,experimental cellular effect reported,not extracted,not applicable (in vitro cell study),not applicable (in vitro cell study),in-vitro experimental assays; exact statistical methods not reported in abstract,TITLE: Heat stress promotes myocardial injury and ventricular arrhythmia through DRP1-mediated mitochondrial dysfunction..,PMID: 42521043,Heat stress promotes myocardial injury and ventricular arrhythmia through DRP1-mediated mitochondrial dysfunction,high,pending,
assoc-0043,particulate matter,particle mixture,coronary inflammation / pericoronary fat attenuation index,5528 participants undergoing coronary computed tomography angiography,retrospective cohort study with longitudinal subcohort,unspecified,not extracted,5528 participants; 656 longitudinal subcohort,not reported,linear mixed-effects models; generalized additive models,This large-scale retrospective cohort study investigated the long-term effects of particulate matter exposure on coronary inflammation as assessed by the pericoronary fat attenuation index (FAI).,PMID: 42520874,Long-term particulate matter exposure and coronary inflammation: A large-scale cohort study assessed by pericoronary fat attenuation index,medium,pending,
assoc-0044,particulate matter,particle mixture,liver,pregnant women/infants/children,cohort study,unspecified,not extracted,not reported,not reported,linear regression,"Based on the Fujian Birth Cohort Study (FJBCS), a total of 1046 mother-offspring pairs were analyzed in this study.",PMID: 42520868,Maternal exposure to particulate matter during pregnancy and offspring liver function,medium,pending,
assoc-0045,PFAS,chemical class,immune/inflammation,not specified,cohort study,positive association,not extracted,"1,387 participants",not reported,linear mixed-effects models,"These findings suggest, but do not establish, that PFAS may be linked to inflammation and impaired fibrinolysis in midlife women",PMID: 42520653,"Perfluoroalkyl/Polyfluoroalkyl Substances, Hemostatic/Inflammatory Biomarkers, and Incident Hypertension: The Study of Women's Health Across the Nation",medium,pending,
assoc-0046,air pollution,mixture,cardiovascular,children,not specified,unspecified,not extracted,not reported,not reported,not extracted,This paper aims to summarise current knowledge on the effects of air pollution on the cardiovascular system and to discuss underlying pathophysiological mechanisms.,PMID: 42508048,Air pollution and cardiovascular disease: A review of current scientific data,low,pending,
assoc-0047,air pollution,mixture,mortality,children,not specified,unspecified,not extracted,not reported,not reported,not extracted,State of Knowledge Air pollution is one of the leading environmental risk factors for premature mortality worldwide.,PMID: 42508048,Air pollution and cardiovascular disease: A review of current scientific data,low,pending,
assoc-0048,particulate matter,particle mixture,neurodevelopment,not applicable — review synthesizes evidence across studies/populations,narrative review / research synthesis,review-level evidence describes adverse biological/health effects and proposed mechanisms; not a primary-study effect estimate,not applicable — no pooled quantitative effect estimate reported in abstract,not applicable (review article),not applicable (review article),review synthesis; exact review/statistical methods not reported in abstract,[Advances on the effects and mechanisms of maternal exposure to particulate matter on offspring neurodevelopment] Maternal particulate matter exposure is an important environmental risk factor for offspring neurodevelopment.,PMID: 42503941,[Advances on the effects and mechanisms of maternal exposure to particulate matter on offspring neurodevelopment],high,pending,
assoc-0049,particulate matter,particle mixture,pregnancy outcomes,not applicable — review synthesizes evidence across studies/populations,narrative review / research synthesis,review-level evidence describes adverse biological/health effects and proposed mechanisms; not a primary-study effect estimate,not applicable — no pooled quantitative effect estimate reported in abstract,not applicable (review article),not applicable (review article),review synthesis; exact review/statistical methods not reported in abstract,"Epidemiological and toxicological evidence indicates that prenatal particulate matter exposure is associated with adverse pregnancy outcomes and neurodevelopmental abnormalities in offspring, including anxiety-like behavior, impaired memory, and altered social behavior.",PMID: 42503941,[Advances on the effects and mechanisms of maternal exposure to particulate matter on offspring neurodevelopment],high,pending,
assoc-0050,air pollution,mixture,cardiovascular,cohort participants,case-crossover study,positive association,not extracted,not reported,not reported,logistic regression; case-crossover analysis,"On days with elevated PM levels, patients with AF were associated with higher odds of AF-related or cardiovascular hospitalizations and emergency department visits, highlighting the need for targeted prevention strategies to protect vulnerable populations from the adverse effects of air pollution.",PMID: 42500877,Case-Crossover Analysis of Short-Term Particulate Matter and Health Outcomes in Patients With Atrial Fibrillation,medium,pending,
assoc-0051,air pollution,mixture,birth weight,pregnant women/infants,cohort study,positive association,not extracted,499 participants,not reported,not extracted,"In conclusion, prenatal air pollution exposure was associated with differences in placental mtDNAcn but not TL, and neither biomarker was significantly associated with birth weight.",PMID: 42492149,Prenatal air pollution exposure and placental biomarkers of oxidative stress and ageing: results from the BiSC cohort,medium,pending,
assoc-0052,air pollution,mixture,cardiovascular,older adults,time-series epidemiologic study,unspecified,not extracted,not reported,not reported,not extracted,We estimated the short-term risk changes for three criteria air pollutants and corresponding attributable burdens..,PMID: 42488199,Changes in respiratory and cardiovascular morbidity air pollution risk and attributable burden in New York City,medium,pending,
assoc-0053,air pollution,mixture,asthma,older adults,time-series epidemiologic study,unspecified,not extracted,not reported,not reported,not extracted,We estimated the short-term risk changes for three criteria air pollutants and corresponding attributable burdens..,PMID: 42488199,Changes in respiratory and cardiovascular morbidity air pollution risk and attributable burden in New York City,medium,pending,
assoc-0054,nitrogen dioxide (NO2),single pollutant,thyroid,pregnant women/infants,not specified,unspecified,not extracted,not reported,not reported,not extracted,"The study relied on 437 pregnant women from the SEPAGES cohort (Grenoble, France, 2014-2017).",PMID: 42488198,A comprehensive study on the association of personal air pollution exposure with thyroid hormones in pregnant women,medium,pending,
assoc-0055,particulate matter,particle mixture,thyroid,pregnant women/infants,not specified,unspecified,not extracted,not reported,not reported,not extracted,"The study relied on 437 pregnant women from the SEPAGES cohort (Grenoble, France, 2014-2017).",PMID: 42488198,A comprehensive study on the association of personal air pollution exposure with thyroid hormones in pregnant women,medium,pending,
assoc-0056,particulate matter,particle mixture,cardiovascular,not specified,case-crossover study,unspecified,not extracted,"627,828 cases",not reported,not extracted,"We investigated the association of ACS onset with short-term traffic-related particulate matter exposure in a nationwide time-stratified case-crossover study, using 627,828 ACS cases extracted from the China Cardiovascular Association.",PMID: 42483592,Quantifying the Health Benefits Linked to Reduced Traffic-Related particulate matter exposure on Acute Coronary Syndrome Incidence in China.,medium,pending,
assoc-0057,PFAS,chemical class,birth weight,pregnant women/infants,experimental animal,unspecified,not extracted,not reported,not reported,not extracted,"Placentas were evaluated for morphometric, transcriptomic, and pathway-level effects.",PMID: 42483588,Transcriptomic Perturbations in Placental Gene Expression Following Developmental Exposure to Perfluorooctanoic Acid (PFOA) or Hexafluoropropylene Oxide-Dimer Acid (HFPO-DA or GenX) in CD‑1 Mice Are Consistent with Placental Insufficiency,medium,pending,
assoc-0058,PFAS,chemical class,pregnancy outcomes,pregnant women/infants,experimental animal,unspecified,not extracted,not reported,not reported,not extracted,"Placentas were evaluated for morphometric, transcriptomic, and pathway-level effects.",PMID: 42483588,Transcriptomic Perturbations in Placental Gene Expression Following Developmental Exposure to Perfluorooctanoic Acid (PFOA) or Hexafluoropropylene Oxide-Dimer Acid (HFPO-DA or GenX) in CD‑1 Mice Are Consistent with Placental Insufficiency,medium,pending,
assoc-0059,PFOA,single chemical,birth weight,pregnant women/infants,experimental animal,unspecified,not extracted,not reported,not reported,not extracted,"Placentas were evaluated for morphometric, transcriptomic, and pathway-level effects.",PMID: 42483588,Transcriptomic Perturbations in Placental Gene Expression Following Developmental Exposure to Perfluorooctanoic Acid (PFOA) or Hexafluoropropylene Oxide-Dimer Acid (HFPO-DA or GenX) in CD‑1 Mice Are Consistent with Placental Insufficiency,medium,pending,
assoc-0060,PFOA,single chemical,pregnancy outcomes,pregnant women/infants,experimental animal,unspecified,not extracted,not reported,not reported,not extracted,"Placentas were evaluated for morphometric, transcriptomic, and pathway-level effects.",PMID: 42483588,Transcriptomic Perturbations in Placental Gene Expression Following Developmental Exposure to Perfluorooctanoic Acid (PFOA) or Hexafluoropropylene Oxide-Dimer Acid (HFPO-DA or GenX) in CD‑1 Mice Are Consistent with Placental Insufficiency,medium,pending,
assoc-0061,heat/temperature,non-chemical stressor,cardiovascular,older adults,time-series epidemiologic study,positive association,not extracted,not reported,not reported,not extracted,"Apparent low temperature was significantly associated with increased risk of cardiovascular EACs, with delayed effects.",PMID: 42483065,"Combined effects of apparent low temperature and PM pollution on circulatory emergency ambulance calls: a time-series analysis in Shijiazhuang, China.",medium,pending,
assoc-0062,particulate matter,particle mixture,cardiovascular mortality,not specified,time-series epidemiologic study,unspecified,not extracted,not reported,not reported,generalized linear models,"We conducted a weekly time-series study in Tianjin, China, to examine the associations of total particulate matter mass across nine size fractions and 23 size-specific components with cardiovascular mortality during 2019-2022.",PMID: 42482688,"Size-specific health effects of particulate matter components on cardiovascular mortality: a weekly time-series study in Tianjin, China",low,pending,
assoc-0063,particulate matter,particle mixture,cardiovascular,not specified,time-series epidemiologic study,unspecified,not extracted,not reported,not reported,generalized linear models,"We conducted a weekly time-series study in Tianjin, China, to examine the associations of total particulate matter mass across nine size fractions and 23 size-specific components with cardiovascular mortality during 2019-2022.",PMID: 42482688,"Size-specific health effects of particulate matter components on cardiovascular mortality: a weekly time-series study in Tianjin, China",low,pending,
assoc-0064,heat/temperature,non-chemical stressor,asthma,children,retrospective EHR-based cohort study,unspecified,not extracted,not reported,not reported,logistic regression,"We conducted a case-crossover study to evaluate associations between heatwave intensity and duration and pediatric asthma exacerbations from March to August 2011-2016, in Philadelphia, PA.",PMID: 42474428,Individual and neighborhood factors influencing pediatric asthma exacerbations during urban heatwaves,medium,pending,
assoc-0065,PM2.5,particle mixture,maternal blood pressure,pregnant women/infants,not specified,unspecified,not extracted,not reported,not reported,linear regression,"We utilized a novel approach to estimate and characterize wildland fire smoke PM in Reno, Nevada, USA, an area prone to seasonal smoke from wildland fires.",PMID: 42471626,Associations between wildland fire smoke PM and maternal blood pressure.,medium,pending,
assoc-0066,heat/temperature,non-chemical stressor,cardiovascular,not specified,clinical registry / study design paper,unspecified,not extracted,not reported,not reported,generalized additive quasi-Poisson models,We collected daily data on cardiac-origin OHCAs from the All-Japan Utstein Registry and daily temperature and PM from monitoring networks across 47 prefectures during 2012 through 2019.,PMID: 42466507,Joint Effects of Heat and Fine Particulate Matter on Out-of-Hospital Cardiac Arrest in Japan: A Nationwide Time-Stratified Case-Crossover Study,medium,pending,
assoc-0067,particulate matter,particle mixture,cardiovascular,not specified,cohort study,unspecified,not extracted,not reported,not reported,not extracted,"The Global Burden of Disease Study 2023 (GBD 2023) used vital records and a broad set of epidemiologic data to estimate IHD death rates, risk factor exposure, and relative risk curves for risk-outcome pairs for 1990-2023 for the general population.",PMID: 42455550,"Modifiable Risk Factors and Attributable Ischemic Heart Disease Mortality in US States, 1990-2023: A Systematic Analysis for the Global Burden of Disease Study 2023",medium,pending,
assoc-0068,particulate matter,particle mixture,mortality,not specified,cohort study,unspecified,not extracted,not reported,not reported,not extracted,"The Global Burden of Disease Study 2023 (GBD 2023) used vital records and a broad set of epidemiologic data to estimate IHD death rates, risk factor exposure, and relative risk curves for risk-outcome pairs for 1990-2023 for the general population.",PMID: 42455550,"Modifiable Risk Factors and Attributable Ischemic Heart Disease Mortality in US States, 1990-2023: A Systematic Analysis for the Global Burden of Disease Study 2023",medium,pending,
assoc-0069,air pollution,mixture,cardiovascular,cohort participants,prospective cohort study,positive association,not extracted,"1,771 events",not reported,Cox proportional hazards models; machine learning models,"Long-term exposure to specific PM constituents was associated with increased risks of coronary heart disease and AMI, thus highlighting the need for constituent-specific air pollution control beyond PM mass.",PMID: 42455100,Long-Term Exposure to PM Constituents and Coronary Heart Disease Risk in China.,medium,pending,
assoc-0070,PFAS,chemical class,cardiovascular,not applicable — review synthesizes evidence across studies/populations,narrative review,review-level evidence describes adverse biological/health effects and proposed mechanisms; not a primary-study effect estimate,not applicable — no pooled quantitative effect estimate reported in abstract,not applicable (review article),not applicable (review article),review synthesis; exact review/statistical methods not reported in abstract,"It also highlights key knowledge gaps and the need for robust epidemiological and multi-omics studies to validate these biomarkers, clarify causal mechanisms, and support their application in cardiovascular and environmental health surveillance",PMID: 42450330,Imaging and Molecular Biomarkers of PFAS-Related Vascular Aging: A Narrative Review,high,pending,
assoc-0071,air pollution,mixture,mortality,pregnant women/infants,not specified,unspecified,not extracted,not reported,not reported,logistic regression,"We conducted a retrospective, population-based study using the French National Hospital Discharge PMSI database (period 2018-2022).",PMID: 42449303,Environmental exposome and its public health impact on COPD and asthma exacerbations in France,medium,pending,
assoc-0072,air pollution,mixture,asthma,pregnant women/infants,not specified,unspecified,not extracted,not reported,not reported,logistic regression,"We conducted a retrospective, population-based study using the French National Hospital Discharge PMSI database (period 2018-2022).",PMID: 42449303,Environmental exposome and its public health impact on COPD and asthma exacerbations in France,medium,pending,
assoc-0073,PM2.5,particle mixture,cardiovascular,not specified,cross-sectional study,unspecified,not extracted,61 patients,not reported,not extracted,"Cross-sectional study, including 61 consecutive patients undergoing coronary angiography for suspected CAD, stratified into: ST-segment elevation myocardial infarction (STEMI, n = 19), chronic coronary syndromes (CCS, n = 20), and controls with normal coronary arteries (n = 22).",PMID: 42447841,Micro- and nano-plastics in the coronary circulation and air pollution exposure in ischaemic heart disease presentation,medium,pending,
assoc-0074,nanoplastics,particle/polymer mixture,cardiovascular,not specified,cross-sectional study,unspecified,not extracted,61 patients,not reported,not extracted,"Cross-sectional study, including 61 consecutive patients undergoing coronary angiography for suspected CAD, stratified into: ST-segment elevation myocardial infarction (STEMI, n = 19), chronic coronary syndromes (CCS, n = 20), and controls with normal coronary arteries (n = 22).",PMID: 42447841,Micro- and nano-plastics in the coronary circulation and air pollution exposure in ischaemic heart disease presentation,medium,pending,
assoc-0075,heat/temperature,non-chemical stressor,maternal/child health,"27,783 mother-child pairs from mother-child cohorts",cross-sectional study,unspecified,not extracted,"27,783 mother-child pairs",not reported,not extracted,"We analysed data from the 2024 Nigeria Demographic and Health Survey, including 27,783 mother-child pairs.",PMID: 42445923,"Ambient temperature, rainfall, and adverse maternal and child health outcomes in Nigeria: evidence from a national cross-sectional study",medium,pending,
assoc-0076,PM2.5,particle mixture,mortality,not applicable — review synthesizes evidence across studies/populations,review / perspective,review-level evidence describes adverse biological/health effects and proposed mechanisms; not a primary-study effect estimate,not applicable — no pooled quantitative effect estimate reported in abstract,not applicable (review article),not applicable (review article),review synthesis; exact review/statistical methods not reported in abstract,"Fine Particulate Matter (PM2.5), the Exposome, and Cumulative Health Risk: A Life-course Perspective Fine particulate matter (PM2.5; aerodynamic diameter ≤2.5 μm) is a leading contributor to the global burden of disease and is associated with substantial morbidity and mortality.",PMID: 42442744,"Fine Particulate Matter (PM2.5), the Exposome, and Cumulative Health Risk: A Life-course Perspective",high,pending,
assoc-0077,PM2.5,particle mixture,autism spectrum disorder,pregnant women/infants/children,case-control study,unspecified,not extracted,not reported,not reported,logistic regression,"All participants were recruited exclusively from the Xinyang Central Hospital, and covariates were ascertained through structured clinical interviews.",PMID: 42440588,Maternal exposure to fine particulate matter and autism spectrum disorder in children: population based case-control study,medium,pending,
assoc-0078,black carbon,particle component,autism spectrum disorder,pregnant women/infants/children,case-control study,unspecified,not extracted,not reported,not reported,logistic regression,"All participants were recruited exclusively from the Xinyang Central Hospital, and covariates were ascertained through structured clinical interviews.",PMID: 42440588,Maternal exposure to fine particulate matter and autism spectrum disorder in children: population based case-control study,medium,pending,
assoc-0079,PM2.5,particle mixture,folate status,pregnant women/infants,prospective cohort study,unspecified,not extracted,not reported,not reported,weighted quantile sum regression,We enrolled pregnant women ( = 1983) in 10 cities in Canada from 2008 to 2011 in a prospective cohort.,PMID: 42437198,"Air Pollution Mixture and Folate Status Indicators among Pregnant Women in Canada: Maternal-Infant Research on Environmental Chemicals (MIREC) Study, 2008 to 2011",medium,pending,
assoc-0080,nitrogen dioxide (NO2),single pollutant,folate status,pregnant women/infants,prospective cohort study,unspecified,not extracted,not reported,not reported,weighted quantile sum regression,We enrolled pregnant women ( = 1983) in 10 cities in Canada from 2008 to 2011 in a prospective cohort.,PMID: 42437198,"Air Pollution Mixture and Folate Status Indicators among Pregnant Women in Canada: Maternal-Infant Research on Environmental Chemicals (MIREC) Study, 2008 to 2011",medium,pending,
assoc-0081,PM2.5,particle mixture,autism spectrum disorder,not applicable — review synthesizes evidence across studies/populations,review / perspective,review-level association evidence; not a primary-study effect estimate,not applicable — no pooled quantitative effect estimate reported in abstract,not applicable (review article),not applicable (review article),meta-analysis / review synthesis; exact statistical methods not fully extracted from abstract,"We analyzed data from 8,035 mother-child pairs from 44 United States cohorts in the Environmental influences on Child Health Outcomes (ECHO) Cohort.",PMID: 42428257,Prenatal Air Pollution Exposure and Autism Spectrum Disorder in the ECHO Consortium,high,pending,
assoc-0082,PM2.5,particle mixture,autism-related traits,not applicable — review synthesizes evidence across studies/populations,review / perspective,review-level association evidence; not a primary-study effect estimate,not applicable — no pooled quantitative effect estimate reported in abstract,not applicable (review article),not applicable (review article),meta-analysis / review synthesis; exact statistical methods not fully extracted from abstract,"We analyzed data from 8,035 mother-child pairs from 44 United States cohorts in the Environmental influences on Child Health Outcomes (ECHO) Cohort.",PMID: 42428257,Prenatal Air Pollution Exposure and Autism Spectrum Disorder in the ECHO Consortium,high,pending,
assoc-0083,nitrogen dioxide (NO2),single pollutant,autism spectrum disorder,not applicable — review synthesizes evidence across studies/populations,review / perspective,review-level association evidence; not a primary-study effect estimate,not applicable — no pooled quantitative effect estimate reported in abstract,not applicable (review article),not applicable (review article),meta-analysis / review synthesis; exact statistical methods not fully extracted from abstract,"We analyzed data from 8,035 mother-child pairs from 44 United States cohorts in the Environmental influences on Child Health Outcomes (ECHO) Cohort.",PMID: 42428257,Prenatal Air Pollution Exposure and Autism Spectrum Disorder in the ECHO Consortium,high,pending,
assoc-0084,nitrogen dioxide (NO2),single pollutant,autism-related traits,not applicable — review synthesizes evidence across studies/populations,review / perspective,review-level association evidence; not a primary-study effect estimate,not applicable — no pooled quantitative effect estimate reported in abstract,not applicable (review article),not applicable (review article),meta-analysis / review synthesis; exact statistical methods not fully extracted from abstract,"We analyzed data from 8,035 mother-child pairs from 44 United States cohorts in the Environmental influences on Child Health Outcomes (ECHO) Cohort.",PMID: 42428257,Prenatal Air Pollution Exposure and Autism Spectrum Disorder in the ECHO Consortium,high,pending,
assoc-0085,PFAS,chemical class,thyroid,pregnant women/infants,not specified,unspecified,not extracted,911 women,not reported,linear regression; quantile regression; Bayesian kernel machine regression; quantile g-computation,A total of 911 pregnant women from a birth cohort in Zhejiang Province were included.,PMID: 42420917,Effects of per- and polyfluoroalkyl substances on maternal thyroid function: a stratified analysis by maternal iodine status and thyroid autoantibody status,medium,pending,
assoc-0086,PFOS,single chemical,thyroid,pregnant women/infants,not specified,unspecified,not extracted,911 women,not reported,linear regression; quantile regression; Bayesian kernel machine regression; quantile g-computation,A total of 911 pregnant women from a birth cohort in Zhejiang Province were included.,PMID: 42420917,Effects of per- and polyfluoroalkyl substances on maternal thyroid function: a stratified analysis by maternal iodine status and thyroid autoantibody status,medium,pending,
assoc-0087,nitrogen dioxide (NO2),single pollutant,asthma,not applicable — review synthesizes evidence across studies/populations,narrative review,review-level evidence describes adverse biological/health effects and proposed mechanisms; not a primary-study effect estimate,not applicable — no pooled quantitative effect estimate reported in abstract,not applicable (review article),not applicable (review article),review synthesis; exact review/statistical methods not reported in abstract,"The majority of analyses used regression-based methods, supplemented by mixed-effects and generalised estimating equation models.",PMID: 42419777,Genetic susceptibility to respiratory health effects from outdoor air pollution: a structured narrative review,high,pending,
assoc-0088,nitrogen dioxide (NO2),single pollutant,respiratory,not applicable — review synthesizes evidence across studies/populations,narrative review,review-level evidence describes adverse biological/health effects and proposed mechanisms; not a primary-study effect estimate,not applicable — no pooled quantitative effect estimate reported in abstract,not applicable (review article),not applicable (review article),review synthesis; exact review/statistical methods not reported in abstract,"The majority of analyses used regression-based methods, supplemented by mixed-effects and generalised estimating equation models.",PMID: 42419777,Genetic susceptibility to respiratory health effects from outdoor air pollution: a structured narrative review,high,pending,
assoc-0089,particulate matter,particle mixture,asthma,not applicable — review synthesizes evidence across studies/populations,narrative review,review-level evidence describes adverse biological/health effects and proposed mechanisms; not a primary-study effect estimate,not applicable — no pooled quantitative effect estimate reported in abstract,not applicable (review article),not applicable (review article),review synthesis; exact review/statistical methods not reported in abstract,"The majority of analyses used regression-based methods, supplemented by mixed-effects and generalised estimating equation models.",PMID: 42419777,Genetic susceptibility to respiratory health effects from outdoor air pollution: a structured narrative review,high,pending,
assoc-0090,particulate matter,particle mixture,respiratory,not applicable — review synthesizes evidence across studies/populations,narrative review,review-level evidence describes adverse biological/health effects and proposed mechanisms; not a primary-study effect estimate,not applicable — no pooled quantitative effect estimate reported in abstract,not applicable (review article),not applicable (review article),review synthesis; exact review/statistical methods not reported in abstract,"The majority of analyses used regression-based methods, supplemented by mixed-effects and generalised estimating equation models.",PMID: 42419777,Genetic susceptibility to respiratory health effects from outdoor air pollution: a structured narrative review,high,pending,
assoc-0091,air pollution,mixture,kidney,older adults,cohort study,unspecified,not extracted,7400 adults,not reported,Cox proportional hazards models,"This population-based cohort study used data from the China Health and Retirement Longitudinal Study (CHARLS, 2011-2018), matching air pollutant data from the China High Air Pollutants dataset.",PMID: 42416905,Association between air pollution and incident cardiovascular diseases among a population with cardiovascular-kidney-metabolic syndrome stages 0-3: the first evidence from the China Health and Retirement Longitudinal Study,medium,pending,
assoc-0092,air pollution,mixture,cardiovascular,older adults,cohort study,unspecified,not extracted,7400 adults,not reported,Cox proportional hazards models,"This population-based cohort study used data from the China Health and Retirement Longitudinal Study (CHARLS, 2011-2018), matching air pollutant data from the China High Air Pollutants dataset.",PMID: 42416905,Association between air pollution and incident cardiovascular diseases among a population with cardiovascular-kidney-metabolic syndrome stages 0-3: the first evidence from the China Health and Retirement Longitudinal Study,medium,pending,
assoc-0093,PM2.5,particle mixture,cardiovascular,not specified,case-crossover study,unspecified,not extracted,not reported,not reported,not extracted,"Using wind-driven variation in wildfire-specific PM within a space-time-stratified case-crossover framework, we estimated the effects of exposure on hospitalization costs and length of stay.",PMID: 42414291,Causal effects of wildfire particulate matter on hospital costs and length of stay in Brazil.,medium,pending,
assoc-0094,PM2.5,particle mixture,asthma,not specified,case-crossover study,unspecified,not extracted,not reported,not reported,not extracted,"Using wind-driven variation in wildfire-specific PM within a space-time-stratified case-crossover framework, we estimated the effects of exposure on hospitalization costs and length of stay.",PMID: 42414291,Causal effects of wildfire particulate matter on hospital costs and length of stay in Brazil.,medium,pending,
assoc-0095,heat/temperature,non-chemical stressor,cardiovascular,older adults,not specified,unspecified,not extracted,not reported,not reported,not extracted,"The recommendations were developed through a three-step process: (1) a systematic online search of relevant guidelines, professional and governmental publications, and information from patient organisations; (2) an interdisciplinary expert workshop to refine and adapt recommendations for the target group; (3) a modified Delphi process with experts to finalise recommendations through multiple feedback rounds..",PMID: 42413509,Adaptations to Climate Change-Related Environmental Phenomena to Achieve Physical Activity Recommendations for Adults Aged 65 and Older,medium,pending,
assoc-0096,heat/temperature,non-chemical stressor,respiratory,older adults,not specified,unspecified,not extracted,not reported,not reported,not extracted,"The recommendations were developed through a three-step process: (1) a systematic online search of relevant guidelines, professional and governmental publications, and information from patient organisations; (2) an interdisciplinary expert workshop to refine and adapt recommendations for the target group; (3) a modified Delphi process with experts to finalise recommendations through multiple feedback rounds..",PMID: 42413509,Adaptations to Climate Change-Related Environmental Phenomena to Achieve Physical Activity Recommendations for Adults Aged 65 and Older,medium,pending,
assoc-0097,air pollution,mixture,cardiovascular,older adults,not specified,unspecified,not extracted,not reported,not reported,not extracted,"The recommendations were developed through a three-step process: (1) a systematic online search of relevant guidelines, professional and governmental publications, and information from patient organisations; (2) an interdisciplinary expert workshop to refine and adapt recommendations for the target group; (3) a modified Delphi process with experts to finalise recommendations through multiple feedback rounds..",PMID: 42413509,Adaptations to Climate Change-Related Environmental Phenomena to Achieve Physical Activity Recommendations for Adults Aged 65 and Older,medium,pending,
assoc-0098,air pollution,mixture,respiratory,older adults,not specified,unspecified,not extracted,not reported,not reported,not extracted,"The recommendations were developed through a three-step process: (1) a systematic online search of relevant guidelines, professional and governmental publications, and information from patient organisations; (2) an interdisciplinary expert workshop to refine and adapt recommendations for the target group; (3) a modified Delphi process with experts to finalise recommendations through multiple feedback rounds..",PMID: 42413509,Adaptations to Climate Change-Related Environmental Phenomena to Achieve Physical Activity Recommendations for Adults Aged 65 and Older,medium,pending,
assoc-0099,heat/temperature,non-chemical stressor,preterm birth,pregnant women/infants,placebo-controlled randomized trial,unspecified,not extracted,not reported,not reported,not extracted,"Physio-HeMAB is an interventional, cluster-randomized study hosted by the Health and Demographic Surveillance System in Navrongo, Ghana.",PMID: 42410409,Investigating environmental heat exposure and its effects on maternal and fetal health in rural Northern Ghana (Physio-HeMAB Study): a study protocol for a cluster randomized trial,medium,pending,
assoc-0100,heat/temperature,non-chemical stressor,pregnancy outcomes,pregnant women/infants,placebo-controlled randomized trial,unspecified,not extracted,not reported,not reported,not extracted,"Physio-HeMAB is an interventional, cluster-randomized study hosted by the Health and Demographic Surveillance System in Navrongo, Ghana.",PMID: 42410409,Investigating environmental heat exposure and its effects on maternal and fetal health in rural Northern Ghana (Physio-HeMAB Study): a study protocol for a cluster randomized trial,medium,pending,
assoc-0101,nitrogen dioxide (NO2),single pollutant,birth weight,pregnant women/infants,cohort study,unspecified,not extracted,not reported,not reported,mixed-effects models; deep learning,"METHODS AND ANALYSIS: We will carry out a retrospective population-based cohort study to assess differences in rates of preterm delivery, low birth weight, small-for-gestational-age births, congenital anomalies and stillbirths.",PMID: 42403579,Exposure to air and water pollution during pregnancy and risk of adverse perinatal outcomes in São Paulo State: protocol for a retrospective population-based cohort study,medium,pending,
assoc-0102,ozone (O3),single pollutant,birth weight,pregnant women/infants,cohort study,unspecified,not extracted,not reported,not reported,mixed-effects models; deep learning,"METHODS AND ANALYSIS: We will carry out a retrospective population-based cohort study to assess differences in rates of preterm delivery, low birth weight, small-for-gestational-age births, congenital anomalies and stillbirths.",PMID: 42403579,Exposure to air and water pollution during pregnancy and risk of adverse perinatal outcomes in São Paulo State: protocol for a retrospective population-based cohort study,medium,pending,
