id,reference_type,information_source,exposure_l1,exposure_l2,exposure_write_in,health_impact_l1,health_impact_l2,health_impact_l3,health_impact_write_in,geography_l1,geography_l2,geographic_location_detail,geographic_feature,geographic_feature_write_in,data_resource_type,data_resource_write_in,model_type,model_write_in,special_topic_l1,special_topic_l2,special_topic_write_in,structured_evidence_basis,structured_evidence_notes,evidence_sentence,citation,source_title,confidence,review_status,reviewer_notes
hew-0001,Research Article,"Abstract and Title, Only",Air Pollution,Ground-Level Ozone; Particulate Matter,Not Reported,Morbidity/Mortality,Not Reported,Not Reported,Not Reported,Global or Unspecified Location,Not Reported,Not Reported,Not Reported,Not Reported,Not Reported,Not Reported,Not Reported,Not Reported,Not Reported,Not Reported,Not Reported,Structured Evidence; automated title/abstract suggestion,Additive controlled-vocabulary suggestion only. Existing SMI extraction is unchanged. Human verification remains required; write-in fields are conservative.,"Together, our results suggest that higher background PM2.5 concentrations may amplify the acute adverse cardiorespiratory effects of O3, which may partly explain the inconsistent health effect of ozone exposure reported in prior studies",PMID: 42623452,Respiratory and Cardiovascular Effects of Ozone Modified by PM2.5: Evidence from a Panel Study and a Meta-Regression Analysis,medium,pending,
hew-0002,Research Article,"Abstract and Title, Only",Air Pollution,Particulate Matter,Not Reported,Not Reported,Not Reported,Not Reported,Not Reported,Global or Unspecified Location,Not Reported,Not Reported,Island,Not Reported,Not Reported,Not Reported,Not Reported,Not Reported,Not Reported,Not Reported,Not Reported,Structured Evidence; automated title/abstract suggestion,Additive controlled-vocabulary suggestion only. Existing SMI extraction is unchanged. Human verification remains required; write-in fields are conservative.,"Identification of Pro-Atherogenic Microenvironment-Associated Molecular Signatures in Response to Key Effective PM2.5 Constituents Using a Blood-Brain Barrier-Immune Microenvironment Platform Fine particulate matter (PM2.5) has been associated with adverse central nervous system (CNS) outcomes, yet it remains unclear how PM2.5 constituents penetrate the blood-brain barrier (BBB) and which specific components enter the CNS to remodel the immune microenvironment.",PMID: 42611483,Identification of Pro-Atherogenic Microenvironment-Associated Molecular Signatures in Response to Key Effective PM2.5 Constituents Using a Blood-Brain Barrier-Immune Microenvironment Platform,medium,pending,
hew-0003,Research Article,"Abstract and Title, Only",Air Pollution; Temperature,Extreme Heat/Heat,Not Reported,Infectious Disease; Mental Health and Well-Being; Morbidity/Mortality; Respiratory Impact,Vectorborne Disease; General Mental Health and Well-Being,Not Reported,Not Reported,Global or Unspecified Location,Not Reported,Not Reported,Not Reported,Not Reported,Not Reported,Not Reported,Not Reported,Not Reported,Study Population,Children; Low Socioeconomic Status; Workers,Not Reported,Structured Evidence; automated title/abstract suggestion,Additive controlled-vocabulary suggestion only. Existing SMI extraction is unchanged. Human verification remains required; write-in fields are conservative.,"These environmental changes have broad adverse health effects, including increased all-cause mortality, cardiovascular and respiratory disease, mental health effects, and burden of vector-borne diseases.",PMID: 42607263,Climate-Smart Health Care: Role of the Family Physician,high,pending,
hew-0004,Research Article,"Abstract and Title, Only",Air Pollution,Particulate Matter,Not Reported,Cardiovascular Impact; Infectious Disease; Respiratory Impact,Heart Attack/Myocardial Infarction; Airborne Disease; Bronchitis/Pneumonia,Not Reported,Not Reported,Global or Unspecified Location,Not Reported,Not Reported,Not Reported,Not Reported,Not Reported,Not Reported,Not Reported,Not Reported,Not Reported,Not Reported,Not Reported,Structured Evidence; automated title/abstract suggestion,Additive controlled-vocabulary suggestion only. Existing SMI extraction is unchanged. Human verification remains required; write-in fields are conservative.,"We found that pre-existing cardiovascular conditions increase vulnerability to short-term air pollution, amplifying COVID-19 pneumonia risk during hospitalization.",PMID: 42603825,Short-term air pollution exposure and COVID-19 pneumonia in New York City: stronger associations among individuals with pre-existing cardiovascular conditions,medium,pending,
hew-0005,Research Article,"Abstract and Title, Only",Not Reported,Not Reported,Not Reported,Not Reported,Not Reported,Not Reported,Not Reported,Global or Unspecified Location,Not Reported,Not Reported,Not Reported,Not Reported,Not Reported,Not Reported,Artificial Intelligence/Machine learning,Not Reported,Not Reported,Not Reported,Not Reported,Structured Evidence; automated title/abstract suggestion,Additive controlled-vocabulary suggestion only. Existing SMI extraction is unchanged. Human verification remains required; write-in fields are conservative.,"Integrated Computational and In Vivo Evidence Prioritizes MYH6 as a Candidate Node in PFOS-Associated HCM-like Cardiac Remodeling Per- and polyfluoroalkyl substances (PFAS), particularly perfluorooctane sulfonate (PFOS), persist in humans and have been associated with cardiovascular outcomes, but cardiac-specific molecular responses remain incompletely characterized.",PMID: 42600829,Integrated Computational and In Vivo Evidence Prioritizes MYH6 as a Candidate Node in PFOS-Associated HCM-like Cardiac Remodeling,medium,pending,
hew-0006,Research Article,"Abstract and Title, Only",Not Reported,Not Reported,Not Reported,Not Reported,Not Reported,Not Reported,Not Reported,Global or Unspecified Location,Not Reported,Not Reported,Not Reported,Not Reported,Cohort,Not Reported,Not Reported,Not Reported,Not Reported,Not Reported,Not Reported,Structured Evidence; automated title/abstract suggestion,Additive controlled-vocabulary suggestion only. Existing SMI extraction is unchanged. Human verification remains required; write-in fields are conservative.,"In linear mixed-effects models, higher TPT indices of MMP (β = - 15.14; 95% CI: -27.66 to - 2.62), MBP (β = - 11.61; 95% CI: -22.17 to - 1.05), and PFTrDA (β = - 34.60; 95% CI: -67.91 to - 1.30) were nominally associated with lower birth weight.",PMID: 42600486,A prospective twin cohort investigates placental transfer efficiency as a potential determinant of fetal growth across a 300-xenobiotic maternal-fetal exposure landscape,medium,pending,
hew-0007,Research Article,"Abstract and Title, Only",Not Reported,Not Reported,Not Reported,Not Reported,Not Reported,Not Reported,Not Reported,Global or Unspecified Location,Not Reported,Not Reported,Not Reported,Not Reported,Not Reported,Not Reported,Not Reported,Not Reported,Study Population,Pregnant or Breastfeeding Women,Not Reported,Structured Evidence; automated title/abstract suggestion,Additive controlled-vocabulary suggestion only. Existing SMI extraction is unchanged. Human verification remains required; write-in fields are conservative.,"Moreover, following PFAS mixture exposure, we observed a downregulation of CD69 and IFNγ production in CD4 T cells, particularly within Th2 cells, while CD154 expression was also reduced.",PMID: 42600302,Impairment of placental function and maternal-fetal immunity cross-talk by per- and polyfluoroalkyl substances during early pregnancy,medium,pending,
hew-0008,Research Article,"Abstract and Title, Only",Air Pollution; Meteorological Factor; Seasonality; Temperature,Particulate Matter,Not Reported,Respiratory Impact,Asthma,Not Reported,Not Reported,Global or Unspecified Location,Not Reported,Not Reported,Not Reported,Not Reported,Not Reported,Not Reported,Not Reported,Not Reported,Not Reported,Not Reported,Not Reported,Structured Evidence; automated title/abstract suggestion,Additive controlled-vocabulary suggestion only. Existing SMI extraction is unchanged. Human verification remains required; write-in fields are conservative.,"A 1% increase in the 1-day RH difference and a 1-μg/m3 increase in the 7-day PM difference were associated with 1.047-fold and 1.056-fold higher odds of medium-dose inhaled corticosteroids plus long-acting beta-agonists (ICS + LABA), respectively.",PMID: 42598180,Effect of ambient relative humidity and particulate matter on the levels of asthma therapy,medium,pending,
hew-0009,Review Article,"Abstract and Title, Only",Air Pollution; Temperature,Particulate Matter; Extreme Cold/Cold,Not Reported,Cardiovascular Impact; Morbidity/Mortality,Not Reported,Not Reported,Not Reported,Global or Unspecified Location,Not Reported,Not Reported,Not Reported,Not Reported,Not Reported,Not Reported,Not Reported,Not Reported,Not Reported,Not Reported,Not Reported,Structured Evidence; automated title/abstract suggestion,Additive controlled-vocabulary suggestion only. Existing SMI extraction is unchanged. Human verification remains required; write-in fields are conservative.,"At a cumulative lag of 21 days, the values (95%) for circulatory disease mortality associated with combined scenarios A, B, and C were 1.24 (1.17-1.32), 1.12 (1.01-1.23), and 1.17 (1.11-1.22), respectively.",PMID: 42595534,[Acute impact of combined exposure to cold spell and heavy pollution on circulatory disease mortality in the Beijing-Tianjin-Hebei Region and surrounding areas],medium,pending,
hew-0010,Research Article,"Abstract and Title, Only",Not Reported,Not Reported,Not Reported,Not Reported,Not Reported,Not Reported,Not Reported,Global or Unspecified Location,Not Reported,Not Reported,Not Reported,Not Reported,Not Reported,Not Reported,Not Reported,Not Reported,Research Gap; Study Population,Children; Pregnant or Breastfeeding Women,Not Reported,Structured Evidence; automated title/abstract suggestion,Additive controlled-vocabulary suggestion only. Existing SMI extraction is unchanged. Human verification remains required; write-in fields are conservative.,"In adjusted analyses, higher prenatal PFOA concentrations were associated with higher CBCL sleep problem scores in early childhood (β = 0.13; 95% CI: 0.05, 0.21).",PMID: 42595033,Prenatal PFAS exposure and early childhood sleep quality in the ECHO Cohort,medium,pending,
hew-0011,Research Article,"Abstract and Title, Only",Air Pollution,Particulate Matter,Not Reported,Cardiovascular Impact,Hypertension/High Blood Pressure,Not Reported,Not Reported,Non-United States,Africa,Sub-Saharan Africa,Rural,Not Reported,Not Reported,Not Reported,Not Reported,Not Reported,Not Reported,Not Reported,Not Reported,Structured Evidence; automated title/abstract suggestion,Additive controlled-vocabulary suggestion only. Existing SMI extraction is unchanged. Human verification remains required; write-in fields are conservative.,exposure was associated with hypertension but not with metabolic syndrome or its other components.,PMID: 42595030,Association between long-term ambient PM. exposure and hypertension and metabolic syndrome among Ghanaian adults. 2 5,high,pending,
hew-0012,Research Article,"Abstract and Title, Only",Air Pollution,Particulate Matter,Not Reported,Not Reported,Not Reported,Not Reported,Not Reported,Global or Unspecified Location,Not Reported,Not Reported,Not Reported,Not Reported,Not Reported,Not Reported,Not Reported,Not Reported,Study Population,Pregnant or Breastfeeding Women,Not Reported,Structured Evidence; automated title/abstract suggestion,Additive controlled-vocabulary suggestion only. Existing SMI extraction is unchanged. Human verification remains required; write-in fields are conservative.,"Because fetal growth is dependent on the placental transfer of nutrients from the maternal circulation, particularly glucose, investigating glucose transport capacity is critical to understanding the development of FGR associated with gestational inhalation of particulate matter.",PMID: 42594972,Gestational inhalation of nanoparticles alters placental glucose transporter expression and increases glucose flux in rats,medium,pending,
hew-0013,Review Article,"Abstract and Title, Only",Seasonality; Temperature,Extreme Heat/Heat,Not Reported,General Health Impact,Not Reported,Not Reported,Not Reported,Global or Unspecified Location,Not Reported,Not Reported,Not Reported,Not Reported,Not Reported,Not Reported,Not Reported,Not Reported,Study Population,Athletes/Recreational Warriors; Children; Elderly; Pregnant or Breastfeeding Women; Workers,Not Reported,Structured Evidence; automated title/abstract suggestion,Additive controlled-vocabulary suggestion only. Existing SMI extraction is unchanged. Human verification remains required; write-in fields are conservative.,"Regular water intake, water-rich foods, avoidance of alcohol, moderation of sugar-sweetened beverages, and individualized electrolyte replacement during prolonged or intense sweating are supported by physiological rationale and public health guidance, although direct heatwave-specific intervention studies remain limited.",PMID: 42588124,Nutrition and Hydration Strategies for Heatwave Adaptation: A Narrative Review,high,pending,
hew-0014,Research Article,"Abstract and Title, Only",Air Pollution,Particulate Matter,Not Reported,Reproductive Impact,Not Reported,Not Reported,Not Reported,Global or Unspecified Location,Not Reported,Not Reported,Freshwater,Not Reported,Not Reported,Not Reported,Not Reported,Not Reported,Study Population,Pregnant or Breastfeeding Women,Not Reported,Structured Evidence; automated title/abstract suggestion,Additive controlled-vocabulary suggestion only. Existing SMI extraction is unchanged. Human verification remains required; write-in fields are conservative.,"In multivariable models, we observed a lower probability of pregnancy per 5 ppb increase in O and NO across the 74-day spermatogenesis window (relative risk [RR] 0.71, 95% confidence interval [CI] 0.55, 0.93; RR 0.73, 95% CI 0.50, 1.05, respectively), with associations noted during mitosis and meiosis.",PMID: 42551848,Critical Windows of Air Pollution Exposure During Spermatogenesis and Intrauterine Insemination Outcomes,high,pending,
hew-0015,Research Article,"Abstract and Title, Only",Temperature,Not Reported,Not Reported,Not Reported,Not Reported,Not Reported,Not Reported,Non-United States,Europe,Germany,Not Reported,Not Reported,Not Reported,Not Reported,Not Reported,Not Reported,Communication; Study Population,General Public/Unspecified; Pregnant or Breastfeeding Women,Not Reported,Structured Evidence; automated title/abstract suggestion,Additive controlled-vocabulary suggestion only. Existing SMI extraction is unchanged. Human verification remains required; write-in fields are conservative.,"Indoor thermal perception was positively associated with perceived vulnerability, while the highest self-reported outdoor temperature experienced was linked to indoor thermal perception.",PMID: 42570382,Heat-protective behavior in pregnancy: Extending Protection Motivation Theory with environmental and social factors,high,pending,
hew-0016,Review Article,"Abstract and Title, Only",Air Pollution,Particulate Matter,Not Reported,Cardiovascular Impact,Hypertension/High Blood Pressure,Not Reported,Not Reported,Global or Unspecified Location,Not Reported,Not Reported,Not Reported,Not Reported,Not Reported,Not Reported,Not Reported,Not Reported,Study Population,Children,Not Reported,Structured Evidence; automated title/abstract suggestion,Additive controlled-vocabulary suggestion only. Existing SMI extraction is unchanged. Human verification remains required; write-in fields are conservative.,"PM was initially associated with higher systolic (0.28 mmHg per 10 μg/m; 95 % CI: 0.25-0.31) and diastolic (0.27 mmHg; 95 % CI: 0.24-0.30) BP, but these associations were not sustained in sensitivity analyses.",PMID: 42568331,Association between long-term exposure to air pollution and blood pressure in children: an updated systematic review and meta-analysis,high,pending,
hew-0017,Research Article,"Abstract and Title, Only",Air Pollution,Particulate Matter,Not Reported,Respiratory Impact,Asthma,Not Reported,Not Reported,Non-United States,Asia,Malaysia,Valley,Not Reported,Not Reported,Not Reported,Not Reported,Not Reported,Not Reported,Not Reported,Not Reported,Structured Evidence; automated title/abstract suggestion,Additive controlled-vocabulary suggestion only. Existing SMI extraction is unchanged. Human verification remains required; write-in fields are conservative.,"These results may support the value of targeted preventive measures and healthcare resource planning for asthma, though larger multi-year data sets are required to enhance statistical robustness.",PMID: 42565432,"Time series analysis of environmental factors and their association with emergency visits for asthma exacerbations in Petaling Jaya, Malaysia",high,pending,
hew-0018,Research Article,"Abstract and Title, Only",Not Reported,Not Reported,Not Reported,Cardiovascular Impact,Hypertension/High Blood Pressure,Not Reported,Not Reported,United States,Not Reported,Puerto Rico,Not Reported,Not Reported,Not Reported,Not Reported,Not Reported,Not Reported,Study Population,Pregnant or Breastfeeding Women,Not Reported,Structured Evidence; automated title/abstract suggestion,Additive controlled-vocabulary suggestion only. Existing SMI extraction is unchanged. Human verification remains required; write-in fields are conservative.,"Association of PFAS exposure with maternal blood pressure and hypertension during pregnancy in the PROTECT cohort Per- and poly-fluoroalkyl substances (PFAS) have been associated with hypertension during pregnancy, although human studies are inconsistent.",PMID: 42551796,Association of PFAS exposure with maternal blood pressure and hypertension during pregnancy in the PROTECT cohort,high,pending,
hew-0019,Research Article,"Abstract and Title, Only",Air Pollution; Temperature,Particulate Matter,Not Reported,Mental Health and Well-Being,General Mental Health and Well-Being,Not Reported,Not Reported,Non-United States,Australasia,Australia,Not Reported,Not Reported,Not Reported,Not Reported,Not Reported,Not Reported,Not Reported,Not Reported,Not Reported,Structured Evidence; automated title/abstract suggestion,Additive controlled-vocabulary suggestion only. Existing SMI extraction is unchanged. Human verification remains required; write-in fields are conservative.,"Heat was most strongly associated with ED presentations, with a RR of 1.033 (95% CI, 1.023-1.043; p < 0.001) per degree temperature change for respiratory conditions and 1.023 (95% CI, 1.016-1.031; p < 0.001) for mental health conditions.",PMID: 42557995,The Impact of Heat and Bushfire Smoke on Health System Utilisation in Australia,high,pending,
hew-0020,Research Article,"Abstract and Title, Only",Extreme Weather-Related Event or Disaster; Temperature,Heatwave; Extreme Heat/Heat,Not Reported,Developmental Impact,Birth Outcomes,Not Reported,Not Reported,Global or Unspecified Location,Not Reported,Not Reported,Not Reported,Not Reported,Not Reported,Not Reported,Not Reported,Not Reported,Study Population,Pregnant or Breastfeeding Women,Not Reported,Structured Evidence; automated title/abstract suggestion,Additive controlled-vocabulary suggestion only. Existing SMI extraction is unchanged. Human verification remains required; write-in fields are conservative.,"Spatial analysis of environmental and socioeconomic factors impacting maternal and infant health outcomes in North Carolina UNLABELLED: Environmental stressors like high temperatures and pollution, often compounded by socioeconomic factors, have been linked to adverse maternal and birth outcomes.",PMID: 42544117,Spatial analysis of environmental and socioeconomic factors impacting maternal and infant health outcomes in North Carolina,high,pending,
hew-0021,Review Article,"Abstract and Title, Only",Air Pollution,Particulate Matter,Not Reported,Respiratory Impact,Asthma; Bronchitis/Pneumonia; Chronic Obstructive Pulmonary Disease (COPD),Not Reported,Not Reported,Non-United States,Asia,Bangladesh,Rural; Urban,Not Reported,Not Reported,Not Reported,Not Reported,Not Reported,Study Population,Children; Elderly,Not Reported,Structured Evidence; automated title/abstract suggestion,Additive controlled-vocabulary suggestion only. Existing SMI extraction is unchanged. Human verification remains required; write-in fields are conservative.,"These pollutants are strongly associated with increased prevalence of asthma, chronic obstructive pulmonary disease, bronchitis, acute respiratory infections, and hospital admissions, particularly among children, the elderly, and occupational groups.",PMID: 42540534,Exposure to Airborne Particulate Matter in Regional Environments of Bangladesh and Its Effects on Respiratory Health: A Narrative Review,high,pending,
hew-0022,Research Article,"Abstract and Title, Only",Air Pollution,Particulate Matter,Not Reported,Developmental Impact,Birth Outcomes,Not Reported,Not Reported,Non-United States,Asia,Taiwan,Not Reported,Not Reported,Cohort,Not Reported,Not Reported,Not Reported,Study Population,Pregnant or Breastfeeding Women,Not Reported,Structured Evidence; automated title/abstract suggestion,Additive controlled-vocabulary suggestion only. Existing SMI extraction is unchanged. Human verification remains required; write-in fields are conservative.,"In this large population-based cohort, maternal exposure to household incense burning during pregnancy was associated with increased risk of delivering an SGA infant, particularly among term births.",PMID: 42538170,Household incense burning and small for gestational age risk in newborn infants,high,pending,
hew-0023,Research Article,"Abstract and Title, Only",Not Reported,Not Reported,Not Reported,Not Reported,Not Reported,Not Reported,Not Reported,Global or Unspecified Location,Not Reported,Not Reported,Not Reported,Not Reported,Not Reported,Not Reported,Not Reported,Not Reported,Not Reported,Not Reported,Not Reported,Structured Evidence; automated title/abstract suggestion,Additive controlled-vocabulary suggestion only. Existing SMI extraction is unchanged. Human verification remains required; write-in fields are conservative.,"Although epidemiological and experimental studies have linked prenatal exposure to several measured PFAS, primarily legacy perfluoroalkyl acids such as perfluorooctanoic acid (PFOA), perfluorooctanesulfonic acid (PFOS), Perfluorohexane Sulfonic Acid (PFHxS), and Perfluorononanoic Acid (PFNA), to diverse offspring outcomes, the strength of evidence differs substantially across compounds and health domains.",PMID: 42534890,Prenatal PFAS exposure and offspring health: evidence review and implications for intergenerational risk assessment,low,pending,
hew-0024,Research Article,"Abstract and Title, Only",Air Pollution; Meteorological Factor; Temperature,Particulate Matter,Not Reported,Morbidity/Mortality; Respiratory Impact,Asthma; Bronchitis/Pneumonia,Not Reported,Not Reported,Non-United States,Asia,China,Not Reported,Not Reported,Cohort,Not Reported,Not Reported,Not Reported,Study Population,Children,Not Reported,Structured Evidence; automated title/abstract suggestion,Additive controlled-vocabulary suggestion only. Existing SMI extraction is unchanged. Human verification remains required; write-in fields are conservative.,"Children with pneumonia experienced higher hospitalization rates and longer hospital stays, while asthma was associated with more frequent emergency department visits and outpatient consultations.",PMID: 42529083,Environmental and socioeconomic influences on childhood asthma and pneumonia: burden and healthcare utilization in a population-based cohort study,high,pending,
hew-0025,Research Article,"Abstract and Title, Only",Air Pollution; Meteorological Factor; Temperature,Not Reported,Not Reported,Cardiovascular Impact; Morbidity/Mortality,Not Reported,Not Reported,Not Reported,Non-United States,Asia,China,Tropical,Not Reported,Not Reported,Not Reported,Not Reported,Not Reported,Study Population,Elderly,Not Reported,Structured Evidence; automated title/abstract suggestion,Additive controlled-vocabulary suggestion only. Existing SMI extraction is unchanged. Human verification remains required; write-in fields are conservative.,The results highlight the cardiovascular risks of particulate and traffic-related pollution and support pollutant-specific air quality management and targeted protection for older adults during high-pollution periods.,PMID: 42529026,"Short-term associations between ambient air pollution and cardiovascular disease mortality: an 11-year time-series study in Nanning, China",high,pending,
hew-0026,Research Article,"Abstract and Title, Only",Temperature,Extreme Heat/Heat,Not Reported,Cardiovascular Impact,Hypertension/High Blood Pressure,Not Reported,Not Reported,United States,Not Reported,USA,Island,Not Reported,Not Reported,Not Reported,Artificial Intelligence/Machine learning,Not Reported,Sociodemographic Vulnerability,Not Reported,Not Reported,Structured Evidence; automated title/abstract suggestion,Additive controlled-vocabulary suggestion only. Existing SMI extraction is unchanged. Human verification remains required; write-in fields are conservative.,"SHAP results indicate that African-American population share, older-adult population share, and low educational attainment were the strongest predictors, followed by summer maximum air temperature, non-vegetated land area, and lack of air conditioning.",PMID: 42528898,"Interpretable machine learning for identifying determinants of high hypertension burden under extreme heat vulnerability: evidence from Maryland, USA",high,pending,
hew-0027,Research Article,"Abstract and Title, Only",Air Pollution; Temperature,Extreme Heat/Heat,Not Reported,Cardiovascular Impact; Morbidity/Mortality,Stroke,Not Reported,Not Reported,Non-United States,Australasia,Australia,Not Reported,Not Reported,Not Reported,Not Reported,Not Reported,Not Reported,Not Reported,Not Reported,Not Reported,Structured Evidence; automated title/abstract suggestion,Additive controlled-vocabulary suggestion only. Existing SMI extraction is unchanged. Human verification remains required; write-in fields are conservative.,"Based on 5.9 million CVD death records, compound exposure was associated with an 11.5% increase in cardiovascular mortality (RR: 1.115; 95% CI: 1.100-1.130), exceeding risks for heat wave-only (RR: 1.083; 95% CI: 1.074-1.091) and SFAP-only exposure (RR: 1.014; 95% CI: 1.008-1.021).",PMID: 42524808,Compound Exposure to Extreme Heat and Substantial Landscape Fire-Sourced Air Pollution on Cardiovascular Mortality,high,pending,
hew-0028,Research Article,"Abstract and Title, Only",Not Reported,Not Reported,Not Reported,Cardiovascular Impact,Not Reported,Not Reported,Not Reported,Global or Unspecified Location,Not Reported,Not Reported,Not Reported,Not Reported,Not Reported,Not Reported,Not Reported,Not Reported,Not Reported,Not Reported,Not Reported,Structured Evidence; automated title/abstract suggestion,Additive controlled-vocabulary suggestion only. Existing SMI extraction is unchanged. Human verification remains required; write-in fields are conservative.,Heat Plus Fire: A Compound Hazard Threatening Cardiovascular Health,PMID: 42524806,Heat Plus Fire: A Compound Hazard Threatening Cardiovascular Health,medium,pending,
hew-0029,Research Article,"Abstract and Title, Only",Temperature,Extreme Heat/Heat,Not Reported,Morbidity/Mortality; Temperature-Related Health Impact,Heat-Related Health Impact,Not Reported,Not Reported,Global or Unspecified Location,Not Reported,Not Reported,Not Reported,Not Reported,Not Reported,Not Reported,Not Reported,Not Reported,Not Reported,Not Reported,Not Reported,Structured Evidence; automated title/abstract suggestion,Additive controlled-vocabulary suggestion only. Existing SMI extraction is unchanged. Human verification remains required; write-in fields are conservative.,Proteomics and metabolomics revealed that mitochondrial dysfunction was closely associated with heat stress-induced myocardial injury.,PMID: 42521043,Heat stress promotes myocardial injury and ventricular arrhythmia through DRP1-mediated mitochondrial dysfunction,medium,pending,
hew-0030,Research Article,"Abstract and Title, Only",Air Pollution,Particulate Matter,Not Reported,Cardiovascular Impact; Diabetes/Obesity/Overweight,Hypertension/High Blood Pressure,Not Reported,Not Reported,Global or Unspecified Location,Not Reported,Not Reported,Not Reported,Not Reported,Cohort,Not Reported,Not Reported,Not Reported,Not Reported,Not Reported,Not Reported,Structured Evidence; automated title/abstract suggestion,Additive controlled-vocabulary suggestion only. Existing SMI extraction is unchanged. Human verification remains required; write-in fields are conservative.,"Results from generalized additive and linear mixed-effects models indicated that each interquartile range (IQR) increase in 1-year PM, PM, and BC exposure was associated with significant elevations in FAI across all vessels, such as increases of 7.57, 8.72, and 2.35 HU in the right coronary artery, respectively.",PMID: 42520874,Long-term particulate matter exposure and coronary inflammation: A large-scale cohort study assessed by pericoronary fat attenuation index,high,pending,
hew-0031,Research Article,"Abstract and Title, Only",Air Pollution,Particulate Matter,Not Reported,Not Reported,Not Reported,Not Reported,Not Reported,Global or Unspecified Location,Not Reported,Not Reported,Not Reported,Not Reported,Cohort,Not Reported,Not Reported,Not Reported,Study Population,Children; Pregnant or Breastfeeding Women,Not Reported,Structured Evidence; automated title/abstract suggestion,Additive controlled-vocabulary suggestion only. Existing SMI extraction is unchanged. Human verification remains required; write-in fields are conservative.,Results show that positive associations were found between maternal exposure and offspring enzyme levels in the entire pregnancy as well as the second trimester alone.,PMID: 42520868,Maternal exposure to particulate matter during pregnancy and offspring liver function,high,pending,
hew-0032,Research Article,"Abstract and Title, Only",Not Reported,Not Reported,Not Reported,Cardiovascular Impact,Hypertension/High Blood Pressure,Not Reported,Not Reported,Global or Unspecified Location,Not Reported,Not Reported,Not Reported,Not Reported,Not Reported,Not Reported,Not Reported,Not Reported,Not Reported,Not Reported,Not Reported,Structured Evidence; automated title/abstract suggestion,Additive controlled-vocabulary suggestion only. Existing SMI extraction is unchanged. Human verification remains required; write-in fields are conservative.,Individual PFAS were positively associated with hs-CRP and PAI-1.,PMID: 42520653,"Perfluoroalkyl/Polyfluoroalkyl Substances, Hemostatic/Inflammatory Biomarkers, and Incident Hypertension: The Study of Women's Health Across the Nation",medium,pending,
hew-0033,Research Article,"Abstract and Title, Only",Solar Radiation; Temperature,Extreme Heat/Heat,Not Reported,Not Reported,Not Reported,Not Reported,Not Reported,United States,Not Reported,USA,Not Reported,Not Reported,Not Reported,Not Reported,Not Reported,Not Reported,Communication; Study Population,General Public/Unspecified; Pregnant or Breastfeeding Women,Not Reported,Structured Evidence; automated title/abstract suggestion,Additive controlled-vocabulary suggestion only. Existing SMI extraction is unchanged. Human verification remains required; write-in fields are conservative.,"This study examined associations between routine and event-driven weather information seeking and both routine physiological heat-health protective actions (i.e., limiting sun exposure, staying hydrated, and spending time in air conditioning) and higher-threshold adaptive behaviors (i.e., changing plans due to heat).",PMID: 42512137,Weather Information Seeking and Heat-Health Protective Actions During Pregnancy: An Exploratory Study,high,pending,
hew-0034,Research Article,"Abstract and Title, Only",Air Pollution,Particulate Matter,Not Reported,Cardiovascular Impact; Morbidity/Mortality,Heart Attack/Myocardial Infarction; Stroke,Not Reported,Not Reported,Global or Unspecified Location,Not Reported,Not Reported,Island,Not Reported,Not Reported,Not Reported,Not Reported,Not Reported,Study Population,Children; Elderly,Not Reported,Structured Evidence; automated title/abstract suggestion,Additive controlled-vocabulary suggestion only. Existing SMI extraction is unchanged. Human verification remains required; write-in fields are conservative.,"Air pollution and cardiovascular disease: A review of current scientific data Introduction and Aim Air pollution is a major public health concern, adversely affecting both the respiratory and cardiovascular systems.",PMID: 42508048,Air pollution and cardiovascular disease: A review of current scientific data,high,pending,
hew-0035,Review Article,"Abstract and Title, Only",Air Pollution,Particulate Matter,Not Reported,Not Reported,Not Reported,Not Reported,Not Reported,Global or Unspecified Location,Not Reported,Not Reported,Island,Not Reported,Not Reported,Not Reported,Not Reported,Not Reported,Study Population,Pregnant or Breastfeeding Women,Not Reported,Structured Evidence; automated title/abstract suggestion,Additive controlled-vocabulary suggestion only. Existing SMI extraction is unchanged. Human verification remains required; write-in fields are conservative.,"Epidemiological and toxicological evidence indicates that prenatal particulate matter exposure is associated with adverse pregnancy outcomes and neurodevelopmental abnormalities in offspring, including anxiety-like behavior, impaired memory, and altered social behavior.",PMID: 42503941,[Advances on the effects and mechanisms of maternal exposure to particulate matter on offspring neurodevelopment],medium,pending,
hew-0036,Research Article,"Abstract and Title, Only",Air Pollution; Temperature,Particulate Matter; Extreme Heat/Heat,Not Reported,Cardiovascular Impact,Not Reported,Not Reported,Not Reported,Global or Unspecified Location,Not Reported,Not Reported,Not Reported,Not Reported,Not Reported,Not Reported,Geospatial Modeling,Not Reported,Not Reported,Not Reported,Not Reported,Structured Evidence; automated title/abstract suggestion,Additive controlled-vocabulary suggestion only. Existing SMI extraction is unchanged. Human verification remains required; write-in fields are conservative.,"On days with elevated PM levels, patients with AF were associated with higher odds of AF-related or cardiovascular hospitalizations and emergency department visits, highlighting the need for targeted prevention strategies to protect vulnerable populations from the adverse effects of air pollution.",PMID: 42500877,Case-Crossover Analysis of Short-Term Particulate Matter and Health Outcomes in Patients With Atrial Fibrillation,high,pending,
hew-0037,Review Article,"Abstract and Title, Only",Temperature,Extreme Heat/Heat,Not Reported,Reproductive Impact; Temperature-Related Health Impact,Heat-Related Health Impact,Not Reported,Not Reported,Global or Unspecified Location,Not Reported,Not Reported,Island; Urban,Not Reported,Not Reported,Not Reported,Not Reported,Not Reported,Study Population,Elderly,Not Reported,Structured Evidence; automated title/abstract suggestion,Additive controlled-vocabulary suggestion only. Existing SMI extraction is unchanged. Human verification remains required; write-in fields are conservative.,"Mechanisms of Heat-Induced Sleep Disruption in Aging: A Narrative Review Rising global temperatures and more frequent heat waves pose a growing threat to public health, particularly among older adults.",PMID: 42496250,Mechanisms of Heat-Induced Sleep Disruption in Aging: A Narrative Review,high,pending,
hew-0038,Research Article,"Abstract and Title, Only",Air Pollution,Particulate Matter,Not Reported,Not Reported,Not Reported,Not Reported,Not Reported,Global or Unspecified Location,Not Reported,Not Reported,Not Reported,Not Reported,Not Reported,Not Reported,Not Reported,Not Reported,Study Population,Pregnant or Breastfeeding Women,Not Reported,Structured Evidence; automated title/abstract suggestion,Additive controlled-vocabulary suggestion only. Existing SMI extraction is unchanged. Human verification remains required; write-in fields are conservative.,Prenatal air pollution exposure and placental biomarkers of oxidative stress and ageing: results from the BiSC cohort Prenatal air pollution exposure has been associated with impaired fetal growth.,PMID: 42492149,Prenatal air pollution exposure and placental biomarkers of oxidative stress and ageing: results from the BiSC cohort,medium,pending,
hew-0039,Research Article,"Abstract and Title, Only",Air Pollution; Temperature,Not Reported,Not Reported,Cardiovascular Impact; Morbidity/Mortality; Respiratory Impact,Asthma,Not Reported,Not Reported,Global or Unspecified Location,Not Reported,Not Reported,Not Reported,Not Reported,Not Reported,Not Reported,Not Reported,Not Reported,Not Reported,Not Reported,Not Reported,Structured Evidence; automated title/abstract suggestion,Additive controlled-vocabulary suggestion only. Existing SMI extraction is unchanged. Human verification remains required; write-in fields are conservative.,"Time-series models considered up to 3-day lag, adjusted for seasonal trends, day of week, holidays, and concurrent and delayed temperature.",PMID: 42488199,Changes in respiratory and cardiovascular morbidity air pollution risk and attributable burden in New York City,medium,pending,
hew-0040,Research Article,"Abstract and Title, Only",Air Pollution,Particulate Matter,Not Reported,Not Reported,Not Reported,Not Reported,Not Reported,Non-United States,Europe,France,Not Reported,Not Reported,Not Reported,Not Reported,Not Reported,Not Reported,Study Population,Pregnant or Breastfeeding Women,Not Reported,Structured Evidence; automated title/abstract suggestion,Additive controlled-vocabulary suggestion only. Existing SMI extraction is unchanged. Human verification remains required; write-in fields are conservative.,"Personal PM was positively associated with TT4 (β = 2.3%; 95% confidence interval [CI] = 0.4%, 4.2%, per doubling of exposure) and FT4 (β = 1.9%; 95% CI = -0.3%, 4.2%).",PMID: 42488198,A comprehensive study on the association of personal air pollution exposure with thyroid hormones in pregnant women,high,pending,
hew-0041,Research Article,"Abstract and Title, Only",Not Reported,Not Reported,Not Reported,Not Reported,Not Reported,Not Reported,Not Reported,Global or Unspecified Location,Not Reported,Not Reported,Not Reported,Not Reported,Not Reported,Not Reported,Not Reported,Not Reported,Not Reported,Not Reported,Not Reported,Structured Evidence; automated title/abstract suggestion,Additive controlled-vocabulary suggestion only. Existing SMI extraction is unchanged. Human verification remains required; write-in fields are conservative.,Constituent-Specific PM and Cardiovascular Risk: From Mass to Mixture,PMID: 42484582,Constituent-Specific PM and Cardiovascular Risk: From Mass to Mixture.,low,pending,
hew-0042,Research Article,"Abstract and Title, Only",Air Pollution,Particulate Matter,Not Reported,Not Reported,Not Reported,Not Reported,Not Reported,Non-United States,Asia,China,Not Reported,Not Reported,Not Reported,Not Reported,Not Reported,Not Reported,Not Reported,Not Reported,Not Reported,Structured Evidence; automated title/abstract suggestion,Additive controlled-vocabulary suggestion only. Existing SMI extraction is unchanged. Human verification remains required; write-in fields are conservative.,"We found a robust association between traffic-related PM and ACS onset, i.e., an increased risk of 2.39% (95% CI: 1.79-3.00%) for same-day (lag 0) PM per 10 μg/m increase.",PMID: 42483592,Quantifying the Health Benefits Linked to Reduced Traffic-Related particulate matter exposure on Acute Coronary Syndrome Incidence in China.,medium,pending,
hew-0043,Research Article,"Abstract and Title, Only",Not Reported,Not Reported,Not Reported,Developmental Impact,Birth Outcomes,Not Reported,Not Reported,Global or Unspecified Location,Not Reported,Not Reported,Not Reported,Not Reported,Not Reported,Not Reported,Not Reported,Not Reported,Study Population,Pregnant or Breastfeeding Women,Not Reported,Structured Evidence; automated title/abstract suggestion,Additive controlled-vocabulary suggestion only. Existing SMI extraction is unchanged. Human verification remains required; write-in fields are conservative.,"The placenta is critical for a healthy pregnancy, and evidence suggests adverse pregnancy outcomes associated with exposure to certain PFAS may arise from aberrant placental development and/or function.",PMID: 42483588,Transcriptomic Perturbations in Placental Gene Expression Following Developmental Exposure to Perfluorooctanoic Acid (PFOA) or Hexafluoropropylene Oxide-Dimer Acid (HFPO-DA or GenX) in CD‑1 Mice Are Consistent with Placental Insufficiency,medium,pending,
hew-0044,Research Article,"Abstract and Title, Only",Air Pollution; Temperature,Particulate Matter; Extreme Cold/Cold,Not Reported,Cardiovascular Impact,Hypertension/High Blood Pressure,Not Reported,Not Reported,Non-United States,Asia,China,Not Reported,Not Reported,Not Reported,Not Reported,Not Reported,Not Reported,Study Population,Elderly,Not Reported,Structured Evidence; automated title/abstract suggestion,Additive controlled-vocabulary suggestion only. Existing SMI extraction is unchanged. Human verification remains required; write-in fields are conservative.,"Apparent low temperature was significantly associated with increased risk of cardiovascular EACs, with delayed effects.",PMID: 42483065,"Combined effects of apparent low temperature and PM pollution on circulatory emergency ambulance calls: a time-series analysis in Shijiazhuang, China.",high,pending,
hew-0045,Research Article,"Abstract and Title, Only",Air Pollution,Particulate Matter,Not Reported,Cardiovascular Impact; Morbidity/Mortality,Stroke,Not Reported,Not Reported,Non-United States,Asia,China,Not Reported,Not Reported,Not Reported,Not Reported,Not Reported,Not Reported,Not Reported,Not Reported,Not Reported,Structured Evidence; automated title/abstract suggestion,Additive controlled-vocabulary suggestion only. Existing SMI extraction is unchanged. Human verification remains required; write-in fields are conservative.,"Generalized linear models with a quasi-Poisson distribution were used to estimate the excess risk (ER) associated with an interquartile range increase in exposure, with further analyses by cardiovascular disease (CVD) subtype, sex, and age, and additional adjustment for ozone (O3) and nitrogen dioxide (NO2).",PMID: 42482688,"Size-specific health effects of particulate matter components on cardiovascular mortality: a weekly time-series study in Tianjin, China",high,pending,
hew-0046,Review Article,"Abstract and Title, Only",Not Reported,Not Reported,Not Reported,Not Reported,Not Reported,Not Reported,Not Reported,Global or Unspecified Location,Not Reported,Not Reported,Not Reported,Not Reported,Not Reported,Not Reported,Not Reported,Not Reported,Not Reported,Not Reported,Not Reported,Structured Evidence; automated title/abstract suggestion,Additive controlled-vocabulary suggestion only. Existing SMI extraction is unchanged. Human verification remains required; write-in fields are conservative.,The American College of Sports Medicine (ACSM) provides recommendations for exertional heat illness risk assessment in different environmental conditions.,PMID: 42476417,Thermophysiological response of adults to long-distance running in different ACSM environmental risk conditions: A systematic review and meta-analysis,low,pending,
hew-0047,Research Article,"Abstract and Title, Only",Temperature,Extreme Heat/Heat,Not Reported,Respiratory Impact,Asthma,Not Reported,Not Reported,Global or Unspecified Location,Not Reported,Not Reported,Urban,Not Reported,Not Reported,Not Reported,Not Reported,Not Reported,Study Population,Children,Not Reported,Structured Evidence; automated title/abstract suggestion,Additive controlled-vocabulary suggestion only. Existing SMI extraction is unchanged. Human verification remains required; write-in fields are conservative.,"In response, Philadelphia issues a ""Code-Red"" heat health warning when temperatures exceed 95°F for three consecutive days.",PMID: 42474428,Individual and neighborhood factors influencing pediatric asthma exacerbations during urban heatwaves,high,pending,
hew-0048,Research Article,"Abstract and Title, Only",Not Reported,Not Reported,Not Reported,Cardiovascular Impact,Not Reported,Not Reported,Not Reported,Global or Unspecified Location,Not Reported,Not Reported,Island,Not Reported,Not Reported,Not Reported,Not Reported,Not Reported,Not Reported,Not Reported,Not Reported,Structured Evidence; automated title/abstract suggestion,Additive controlled-vocabulary suggestion only. Existing SMI extraction is unchanged. Human verification remains required; write-in fields are conservative.,"Molecular docking suggested that GenX can bind to the JAK2 catalytic region, and ruxolitinib was used as a positive-control reference compound to benchmark the predicted JAK2 binding site.",PMID: 42472615,Targeted inhibition of JAK2 phosphorylation by GenX disrupts the JAK2-STAT3 pathway and induces cardiovascular toxicity in zebrafish: Insights from network toxicology and molecular dynamics,medium,pending,
hew-0049,Research Article,"Abstract and Title, Only",Air Pollution,Particulate Matter; Wildfire Smoke,Not Reported,Not Reported,Not Reported,Not Reported,Not Reported,United States,Not Reported,USA,Forest; Grassland,Not Reported,Not Reported,Not Reported,Not Reported,Not Reported,Study Population,Pregnant or Breastfeeding Women,Not Reported,Structured Evidence; automated title/abstract suggestion,Additive controlled-vocabulary suggestion only. Existing SMI extraction is unchanged. Human verification remains required; write-in fields are conservative.,"Overall, we found null associations between wildland fire smoke PM and maternal blood pressure, regardless of the lag period.",PMID: 42471626,Associations between wildland fire smoke PM and maternal blood pressure.,high,pending,
hew-0050,Research Article,"Abstract and Title, Only",Air Pollution; Temperature,Particulate Matter; Extreme Heat/Heat,Not Reported,Not Reported,Not Reported,Not Reported,Not Reported,Non-United States,Asia,Japan,Not Reported,Not Reported,Not Reported,Not Reported,Not Reported,Not Reported,Not Reported,Not Reported,Not Reported,Structured Evidence; automated title/abstract suggestion,Additive controlled-vocabulary suggestion only. Existing SMI extraction is unchanged. Human verification remains required; write-in fields are conservative.,"Heat (relative risk, 1.04 [95% CI, 1.02-1.06]; 99th versus 80th percentile); and PM (relative risk, 1.02 per 10 μg/m [95% CI, 1.01-1.03]) were independently associated with increased OHCA risk.",PMID: 42466507,Joint Effects of Heat and Fine Particulate Matter on Out-of-Hospital Cardiac Arrest in Japan: A Nationwide Time-Stratified Case-Crossover Study,medium,pending,
hew-0051,Research Article,"Abstract and Title, Only",Air Pollution,Particulate Matter,Not Reported,Not Reported,Not Reported,Not Reported,Not Reported,Global or Unspecified Location,Not Reported,Not Reported,Not Reported,Not Reported,Not Reported,Not Reported,Not Reported,Not Reported,Not Reported,Not Reported,Not Reported,Structured Evidence; automated title/abstract suggestion,Additive controlled-vocabulary suggestion only. Existing SMI extraction is unchanged. Human verification remains required; write-in fields are conservative.,"Here, we confirm that the endoplasmic reticulum stress (ERS)/thioredoxin-interacting protein (TXNIP)/nucleotide-binding oligomerization domain-like receptor protein 3 (NLRP3) signaling pathway is the mechanism of action in PM-induced cardiac fibrosis, which also plays a crucial role across multiple cell types implicated in this condition.",PMID: 42459959,Mechanistic insights into PM-induced cardiac fibrosis involving ERS/TXNIP/NLRP3-driven pyroptosis in multiple cell types.,medium,pending,
hew-0052,Research Article,"Abstract and Title, Only",Air Pollution,Particulate Matter,Not Reported,Cardiovascular Impact; Morbidity/Mortality,Not Reported,Not Reported,Not Reported,Global or Unspecified Location,Not Reported,Not Reported,Not Reported,Not Reported,Not Reported,Not Reported,Not Reported,Not Reported,Study Population,General Population,Not Reported,Structured Evidence; automated title/abstract suggestion,Additive controlled-vocabulary suggestion only. Existing SMI extraction is unchanged. Human verification remains required; write-in fields are conservative.,"CONCLUSION AND RELEVANCE: Per the results of this systematic analysis of GBD 2023, a total of 88.7% (95% UI, 83.4%-92.5%) of IHD deaths were attributable to modifiable risk factors in the US in 2023, with high SBP, dietary risks, and high LDL-C being the greatest contributors.",PMID: 42455550,"Modifiable Risk Factors and Attributable Ischemic Heart Disease Mortality in US States, 1990-2023: A Systematic Analysis for the Global Burden of Disease Study 2023",high,pending,
hew-0053,Research Article,"Abstract and Title, Only",Air Pollution,Particulate Matter,Not Reported,Cardiovascular Impact; Morbidity/Mortality,Heart Attack/Myocardial Infarction,Not Reported,Not Reported,Non-United States,Asia,China,Not Reported,Not Reported,Cohort,Not Reported,Artificial Intelligence/Machine learning,Not Reported,Not Reported,Not Reported,Not Reported,Structured Evidence; automated title/abstract suggestion,Additive controlled-vocabulary suggestion only. Existing SMI extraction is unchanged. Human verification remains required; write-in fields are conservative.,"Similar positive associations for EC, OC, and nitrate were observed for coronary heart disease mortality and AMI outcomes, whereas the health impacts of sulfate were weaker and less consistent across outcomes.",PMID: 42455100,Long-Term Exposure to PM Constituents and Coronary Heart Disease Risk in China.,high,pending,
hew-0054,Review Article,"Abstract and Title, Only",Not Reported,Not Reported,Not Reported,Cardiovascular Impact,Not Reported,Not Reported,Not Reported,Global or Unspecified Location,Not Reported,Not Reported,Island,Not Reported,Not Reported,Not Reported,Not Reported,Not Reported,Not Reported,Not Reported,Not Reported,Structured Evidence; automated title/abstract suggestion,Additive controlled-vocabulary suggestion only. Existing SMI extraction is unchanged. Human verification remains required; write-in fields are conservative.,Imaging and Molecular Biomarkers of PFAS-Related Vascular Aging: A Narrative Review Per- and polyfluoroalkyl substances (PFAS) are persistent environmental contaminants increasingly associated with cardiovascular disease.,PMID: 42450330,Imaging and Molecular Biomarkers of PFAS-Related Vascular Aging: A Narrative Review,medium,pending,
hew-0055,Research Article,"Abstract and Title, Only",Air Pollution,Not Reported,Not Reported,Morbidity/Mortality; Respiratory Impact,Asthma; Chronic Obstructive Pulmonary Disease (COPD),Not Reported,Not Reported,Non-United States,Europe,France,Not Reported,Not Reported,Not Reported,Not Reported,Not Reported,Not Reported,Sociodemographic Vulnerability; Study Population,Low Socioeconomic Status,Not Reported,Structured Evidence; automated title/abstract suggestion,Additive controlled-vocabulary suggestion only. Existing SMI extraction is unchanged. Human verification remains required; write-in fields are conservative.,"Chronic obstructive pulmonary disease (COPD) and asthma exacerbations in France cause substantial morbidity, mortality, and healthcare costs.",PMID: 42449303,Environmental exposome and its public health impact on COPD and asthma exacerbations in France,high,pending,
hew-0056,Research Article,"Abstract and Title, Only",Air Pollution,Particulate Matter,Not Reported,Cardiovascular Impact,Heart Attack/Myocardial Infarction,Not Reported,Not Reported,Global or Unspecified Location,Not Reported,Not Reported,Not Reported,Not Reported,Not Reported,Not Reported,Not Reported,Not Reported,Not Reported,Not Reported,Not Reported,Structured Evidence; automated title/abstract suggestion,Additive controlled-vocabulary suggestion only. Existing SMI extraction is unchanged. Human verification remains required; write-in fields are conservative.,"Cross-sectional study, including 61 consecutive patients undergoing coronary angiography for suspected CAD, stratified into: ST-segment elevation myocardial infarction (STEMI, n = 19), chronic coronary syndromes (CCS, n = 20), and controls with normal coronary arteries (n = 22).",PMID: 42447841,Micro- and nano-plastics in the coronary circulation and air pollution exposure in ischaemic heart disease presentation,medium,pending,
hew-0057,Research Article,"Abstract and Title, Only",Precipitation; Temperature,Not Reported,Not Reported,Developmental Impact,Stunting,Not Reported,Not Reported,Non-United States,Africa,Nigeria,Not Reported,Not Reported,Not Reported,Not Reported,Not Reported,Not Reported,Sociodemographic Vulnerability; Study Population,Children; Low Socioeconomic Status; Pregnant or Breastfeeding Women,Not Reported,Structured Evidence; automated title/abstract suggestion,Additive controlled-vocabulary suggestion only. Existing SMI extraction is unchanged. Human verification remains required; write-in fields are conservative.,"Higher temperatures are associated with poorer maternal and child health outcomes in Nigeria, particularly among socioeconomically disadvantaged groups.",PMID: 42445923,"Ambient temperature, rainfall, and adverse maternal and child health outcomes in Nigeria: evidence from a national cross-sectional study",high,pending,
hew-0058,Commentary/Opinion,"Abstract and Title, Only",Air Pollution,Particulate Matter,Not Reported,Morbidity/Mortality,Not Reported,Not Reported,Not Reported,Global or Unspecified Location,Not Reported,Not Reported,Urban,Not Reported,Not Reported,Not Reported,Not Reported,Not Reported,Not Reported,Not Reported,Not Reported,Structured Evidence; automated title/abstract suggestion,Additive controlled-vocabulary suggestion only. Existing SMI extraction is unchanged. Human verification remains required; write-in fields are conservative.,"Fine Particulate Matter (PM2.5), the Exposome, and Cumulative Health Risk: A Life-course Perspective Fine particulate matter (PM2.5; aerodynamic diameter ≤2.5 μm) is a leading contributor to the global burden of disease and is associated with substantial morbidity and mortality.",PMID: 42442744,"Fine Particulate Matter (PM2.5), the Exposome, and Cumulative Health Risk: A Life-course Perspective",medium,pending,
hew-0059,Research Article,"Abstract and Title, Only",Air Pollution,Particulate Matter,Not Reported,Mental Health and Well-Being,Childhood Behavioral Disorder,Not Reported,Not Reported,Non-United States,Asia,China,Not Reported,Not Reported,Not Reported,Not Reported,Not Reported,Not Reported,Study Population,Children; Pregnant or Breastfeeding Women,Not Reported,Structured Evidence; automated title/abstract suggestion,Additive controlled-vocabulary suggestion only. Existing SMI extraction is unchanged. Human verification remains required; write-in fields are conservative.,"Maternal exposure to PM, , , , BC, and OM was associated with ASD in children, particularly and BC.",PMID: 42440588,Maternal exposure to fine particulate matter and autism spectrum disorder in children: population based case-control study,high,pending,
hew-0060,Research Article,"Abstract and Title, Only",Air Pollution,Particulate Matter,Not Reported,Not Reported,Not Reported,Not Reported,Not Reported,Non-United States,Non-U.S. North America,Canada,Not Reported,Not Reported,Cohort,Not Reported,Not Reported,Not Reported,Study Population,Pregnant or Breastfeeding Women,Not Reported,Structured Evidence; automated title/abstract suggestion,Additive controlled-vocabulary suggestion only. Existing SMI extraction is unchanged. Human verification remains required; write-in fields are conservative.,"In the third but not the first trimester, the mixture was positively associated with plasma total folate [12.0 nmol/L per one-quartile increase, 95% confidence interval (CI): 1.5, 22.7 nmol/L], negatively associated with %5MTHF (-2.8, 95% CI: -5.1, -0.70), and positively associated with %UMFA (13.4, 95% CI: 4.4, 23.0).",PMID: 42437198,"Air Pollution Mixture and Folate Status Indicators among Pregnant Women in Canada: Maternal-Infant Research on Environmental Chemicals (MIREC) Study, 2008 to 2011",high,pending,
hew-0061,Review Article,"Abstract and Title, Only",Air Pollution,Particulate Matter,Not Reported,Mental Health and Well-Being,Childhood Behavioral Disorder,Not Reported,Not Reported,United States,Not Reported,United States,Mountain,Not Reported,Not Reported,Not Reported,Not Reported,Not Reported,Study Population,Children; Pregnant or Breastfeeding Women,Not Reported,Structured Evidence; automated title/abstract suggestion,Additive controlled-vocabulary suggestion only. Existing SMI extraction is unchanged. Human verification remains required; write-in fields are conservative.,"Higher O was associated with higher SRS scores at the median (β per IQR increment = 0.83, 95% CI: 0.05, 1.61) and highest quantile (β = 2.19, 95% CI: 0.06, 4.32) in the meta-analysis.",PMID: 42428257,Prenatal Air Pollution Exposure and Autism Spectrum Disorder in the ECHO Consortium,high,pending,
hew-0062,Research Article,"Abstract and Title, Only",Air Pollution,Particulate Matter,Not Reported,Developmental Impact,Birth Outcomes,Not Reported,Not Reported,United States,Not Reported,United States; USA,Not Reported,Not Reported,Not Reported,Not Reported,Not Reported,Not Reported,Study Population,Pregnant or Breastfeeding Women,Not Reported,Structured Evidence; automated title/abstract suggestion,Additive controlled-vocabulary suggestion only. Existing SMI extraction is unchanged. Human verification remains required; write-in fields are conservative.,"In this population-based study in Georgia, time-varying ambient air pollution exposures during pregnancy were associated with an increased risk of stillbirth, particularly for second-trimester exposures and for stillbirths occurring earlier in pregnancy.",PMID: 42422320,"Maternal ambient air pollution exposure and risk of stillbirth in Georgia, USA",high,pending,
hew-0063,Research Article,"Abstract and Title, Only",Indoor Environment,Not Reported,Not Reported,Respiratory Impact,Asthma,Not Reported,Not Reported,Global or Unspecified Location,Not Reported,Not Reported,Not Reported,Not Reported,Not Reported,Not Reported,Not Reported,Not Reported,Study Population,Low Socioeconomic Status,Not Reported,Structured Evidence; automated title/abstract suggestion,Additive controlled-vocabulary suggestion only. Existing SMI extraction is unchanged. Human verification remains required; write-in fields are conservative.,"Indoor air quality (IAQ) plays a critical role in respiratory health, particularly among individuals with asthma.",PMID: 42420937,Assessing the feasibility of indoor air quality monitoring in low-income housing among Black adults with uncontrolled asthma in New York City,high,pending,
hew-0064,Research Article,"Abstract and Title, Only",Not Reported,Not Reported,Not Reported,Not Reported,Not Reported,Not Reported,Not Reported,Global or Unspecified Location,Not Reported,Not Reported,Not Reported,Not Reported,Cohort,Not Reported,Not Reported,Not Reported,Study Population,Pregnant or Breastfeeding Women,Not Reported,Structured Evidence; automated title/abstract suggestion,Additive controlled-vocabulary suggestion only. Existing SMI extraction is unchanged. Human verification remains required; write-in fields are conservative.,"Meanwhile, the mixture composed of PFASs identified as significant in single-pollutant models was additionally associated with higher TSH and an increased FT/FT ratio.",PMID: 42420917,Effects of per- and polyfluoroalkyl substances on maternal thyroid function: a stratified analysis by maternal iodine status and thyroid autoantibody status,medium,pending,
hew-0065,Review Article,"Abstract and Title, Only",Air Pollution,Particulate Matter,Not Reported,Respiratory Impact,Asthma; Chronic Obstructive Pulmonary Disease (COPD),Not Reported,Not Reported,Global or Unspecified Location,Not Reported,Not Reported,Island,Not Reported,Not Reported,Not Reported,Not Reported,Not Reported,Not Reported,Not Reported,Not Reported,Structured Evidence; automated title/abstract suggestion,Additive controlled-vocabulary suggestion only. Existing SMI extraction is unchanged. Human verification remains required; write-in fields are conservative.,"Genetic susceptibility to respiratory health effects from outdoor air pollution: a structured narrative review Outdoor air pollution exposure is a well-established driver of respiratory disease, while growing evidence highlights an important role for genetic susceptibility.",PMID: 42419777,Genetic susceptibility to respiratory health effects from outdoor air pollution: a structured narrative review,medium,pending,
hew-0066,Research Article,"Abstract and Title, Only",Air Pollution,Not Reported,Not Reported,Cardiovascular Impact,Stroke,Not Reported,Not Reported,Non-United States,Asia,China,Not Reported,Not Reported,Cohort,Not Reported,Not Reported,Not Reported,Sociodemographic Vulnerability,Not Reported,Not Reported,Structured Evidence; automated title/abstract suggestion,Additive controlled-vocabulary suggestion only. Existing SMI extraction is unchanged. Human verification remains required; write-in fields are conservative.,"In this nationwide cohort, long-term exposure to PM, PM, PM, and NO was associated with a higher risk of incident CVD among middle-aged and older Chinese adults with CKM syndrome stages 0-3, which was partially mediated by metabolic syndrome.",PMID: 42416905,Association between air pollution and incident cardiovascular diseases among a population with cardiovascular-kidney-metabolic syndrome stages 0-3: the first evidence from the China Health and Retirement Longitudinal Study,high,pending,
hew-0067,Research Article,"Abstract and Title, Only",Air Pollution; Extreme Weather-Related Event or Disaster,Particulate Matter; Wildfire,Not Reported,Respiratory Impact,Asthma; Bronchitis/Pneumonia,Not Reported,Not Reported,Non-United States,Central/South America,Brazil,Not Reported,Not Reported,Not Reported,Not Reported,Not Reported,Not Reported,Not Reported,Not Reported,Not Reported,Structured Evidence; automated title/abstract suggestion,Additive controlled-vocabulary suggestion only. Existing SMI extraction is unchanged. Human verification remains required; write-in fields are conservative.,"Each 1 µg/m increase in wildfire-specific PM was associated with higher hospitalization costs for all-cause, respiratory, and cardiovascular diseases by 0.36%, 1.59%, and 0.25%, respectively, and longer stays by 0.63%, 1.72%, and 0.68%.",PMID: 42414291,Causal effects of wildfire particulate matter on hospital costs and length of stay in Brazil.,high,pending,
hew-0068,Research Article,"Abstract and Title, Only",Air Pollution,Allergens,Not Reported,Mental Health and Well-Being,General Mental Health and Well-Being,Not Reported,Not Reported,Global or Unspecified Location,Not Reported,Not Reported,Not Reported,Not Reported,Not Reported,Not Reported,Not Reported,Not Reported,Study Population,Elderly,Not Reported,Structured Evidence; automated title/abstract suggestion,Additive controlled-vocabulary suggestion only. Existing SMI extraction is unchanged. Human verification remains required; write-in fields are conservative.,"However, climate change is leading to increasing environmental stressors such as heat, air pollution, and pollen exposure, which increase health risks and hinder adherence to physical activity recommendations.",PMID: 42413509,Adaptations to Climate Change-Related Environmental Phenomena to Achieve Physical Activity Recommendations for Adults Aged 65 and Older,high,pending,
hew-0069,Research Article,"Abstract and Title, Only",Temperature,Extreme Heat/Heat,Not Reported,Developmental Impact,Birth Outcomes,Not Reported,Not Reported,Non-United States,Africa,Ghana,Rural,Not Reported,Not Reported,Not Reported,Not Reported,Not Reported,Intervention; Study Population,Pregnant or Breastfeeding Women,Not Reported,Structured Evidence; automated title/abstract suggestion,Additive controlled-vocabulary suggestion only. Existing SMI extraction is unchanged. Human verification remains required; write-in fields are conservative.,"This study integrates: (i) high-resolution environmental monitoring including Wet-Bulb Globe Temperature at household level and Universal Thermal Climate Index environmental data at regional level; (ii) continuous maternal physiological assessment via wearable devices measuring heart rate, heart rate variability, core body temperature, physical activity, and sleep; and (iii) fetal health assessments, including fetal heart rate and Doppler indices.",PMID: 42410409,Investigating environmental heat exposure and its effects on maternal and fetal health in rural Northern Ghana (Physio-HeMAB Study): a study protocol for a cluster randomized trial,high,pending,
hew-0070,Research Article,"Abstract and Title, Only",Air Pollution,Particulate Matter,Not Reported,Not Reported,Not Reported,Not Reported,Not Reported,Non-United States,Asia,Korea,Not Reported,Not Reported,Not Reported,Not Reported,Not Reported,Not Reported,Not Reported,Not Reported,Not Reported,Structured Evidence; automated title/abstract suggestion,Additive controlled-vocabulary suggestion only. Existing SMI extraction is unchanged. Human verification remains required; write-in fields are conservative.,Results Both PM and PM were positively associated with elevated LDL-C across most windows.,PMID: 42406176,"Associations of short-, mid-, and long-term particulate matter exposure with elevated LDL-C levels in Korean adults: analysis of KNHANES 2016-2022",medium,pending,
hew-0071,Research Article,"Abstract and Title, Only",Air Pollution,Particulate Matter,Not Reported,Developmental Impact; Morbidity/Mortality,Birth Outcomes,Not Reported,Not Reported,Non-United States,Central/South America,Brazil,Not Reported,Not Reported,Cohort,Not Reported,Artificial Intelligence/Machine learning,Not Reported,Study Population,Pregnant or Breastfeeding Women,Not Reported,Structured Evidence; automated title/abstract suggestion,Additive controlled-vocabulary suggestion only. Existing SMI extraction is unchanged. Human verification remains required; write-in fields are conservative.,"METHODS AND ANALYSIS: We will carry out a retrospective population-based cohort study to assess differences in rates of preterm delivery, low birth weight, small-for-gestational-age births, congenital anomalies and stillbirths.",PMID: 42403579,Exposure to air and water pollution during pregnancy and risk of adverse perinatal outcomes in São Paulo State: protocol for a retrospective population-based cohort study,high,pending,
